Sample ID,SampleType,DateTime Taken,Post Results,Public X,Public Y,Chloromethane (methyl chloride),Chloroethene (vinyl chloride),Bromomethane (methyl bromide),Chloroethane (ethyl chloride),Trichlorofluoromethane,Diethyl ether,"1,1-Dichloroethene",Acetone,Iodomethane,Carbon disulfide,3-Chloropropene (allyl chloride),Methylene chloride (DCM),"trans-1,2-Dichloroethene",Methyl tert-butyl ether (MTBE),"1,1-Dichloroethane","2,2-Dichloropropane","cis-1,2-Dichloroethene",2-Butanone (MEK),Methyl acrylate,Methacrylonitrile,Bromochloromethane,Tetrahydrofuran,Trichloromethane (chloroform),"1,1,1-Trichloroethane",1-Chlorobutane (butyl chloride),Carbon tetrachloride,"1,1-Dichloropropene",Benzene,"1,2-Dichloroethane",Trichloroethene,"1,2-Dichloropropane",Dibromomethane,Methyl methacrylate,Bromodichloromethane,2-Nitropropane,"cis-1,3-Dichloropropene",4-Methyl-2-pentanone (MIBK),Toluene,"trans-1,3-Dichloropropene",Ethyl methacrylate,"1,1,2-Trichloroethane",Tetrachloroethene,"1,3-Dichloropropane",2-Hexanone,Dibromochloromethane,"1,2-Dibromoethane (EDB)",Chlorobenzene,"1,1,1,2-Tetrachloroethane",Ethylbenzene,m/p-Xylene,o-Xylene,Styrene,Bromoform,Isopropylbenzene (cumene),Bromobenzene,"1,1,2,2-Tetrachloroethane","1,2,3-Trichloropropane (TCP)","trans-1,4-Dichloro-2-butene",n-Propylbenzene,2-Chlorotoluene,"1,3,5-Trimethylbenzene",4-Chlorotoluene,tert-Butylbenzene,Pentachloroethane,"1,2,4-Trimethylbenzene",1-Methylpropylbenzene (sec-butylbenzene),"1,3-Dichlorobenzene",4-Isopropyltoluene (p-cymene),"1,4-Dichlorobenzene",n-Butylbenzene,"1,2-Dichlorobenzene",Hexachloroethane,"1,2-Dibromo-3-chloropropane (DBCP)",Nitrobenzene,"1,2,4-Trichlorobenzene","Hexachloro-1,3-butadiene",Naphthalene,"1,2,3-Trichlorobenzene",SampleType_clean,Total trihalomethanes (TTHMs)
08-16-CKS-2,Tap Water,2023-08-16 09:30:00,,-156.31469891295163,20.778645083401813,,,,,,,,,,,,2.815,,,,,,,,,,,12.956,,,,,,,,,,,5.961,,,,,,,,,,,3.342,,,,,,,,,,,,,,,,,,,,,,,,,,,,,,,,,,tap water,22.259
08-16-CKS-3,Tap Water,2023-08-16 10:52:00,,-156.30723261533666,20.776296164252052,,,,,,,,,,,,2.842,,,,,,,,,,,12.685,,,,,,,,,,,6.285,,,,,,,,,,,3.833,,,,,,,,,,,,,,,,,,,,,,,,,,,,,,,,,,tap water,22.803
08-16-CKS-4,Tap Water,2023-08-16 11:11:00,,-156.30764237816408,20.77818789164569,,,,,,,,,,,,2.748,,,,,,,,,,,11.782,,,,,,,,,,,6.171,,,,,,,,,,,3.699,,,,,,,,,,,,,,,,,,,,,,,,,,,,,,,,,,tap water,21.652
08-16-CKS-6,Tap Water,2023-08-16 12:00:00,,-156.31040295282406,20.77822392203184,,,,,,,,,,,,2.868,,,,,,,,,,,21.092,,,,,,,,,,,6.923,,,,,,,,,,,3.621,,,,,,,,,,,,,,,,,,,,,,,,,,,,,,,,,,tap water,31.636
08-16-CKS-7,Tap Water,2023-08-16 12:22:00,,-156.31280671413953,20.77297929808723,,,,,,,,17.367,,3.145,,2.778,,,,,,14.842,,,,194.634,2.209,,,,,,,,,,,,,,,,,,,,,,,,,,,,,,,,,,,,,,,,,,,,,,,,,,,,,,,,tap water,2.209
08-16-CKS-8,Tap Water,2023-08-16 12:53:00,,-156.31013471014137,20.77842432302931,,,,,,,,,,,,2.821,,,,,,,,,,3.004,17.53,,,,,,,,,,,7.944,,,,,,,,,,,4.235,,,,,,,,,,,,,,,,,,,,,,,,,,,,,,,,,,tap water,29.709000000000003
08-16-CKS-10,Tap Water,2023-08-16 02:24:00,,-156.3255345659279,20.743648971143,,,,,,,,,,,,2.74,,,,,,,,,,,28.868,,,,,,,,,,,8.54,,,,,,,,,,,3.98,,,,,,,,,,,,,,,,,,,,,,,,,,,,,,,,,,tap water,41.388
08-16-CKS-11,Tap Water,2023-08-16 02:55:00,,-156.31407983887385,20.75240710015802,,,,,,,,,,,,2.829,,,,,,,,,,,22.495,,,,,,,,,,,7.962,,,,,,,,,,,4.009,,,,,,,,,,,,,,,,,,,,,,,,,,,,,,,,,,tap water,34.466
08-16-CKS-12,Tap Water,2023-08-16 03:46:00,,-156.30701676515113,20.906158164335228,,,,,,,,,,,,2.827,,,,,,,,,,,,,,,,,,,,,,,,,,,,,,,,,,,,,,,,,,,,,,,,,,,,,,,,,,,,,,,,,,,tap water,0.0
08-23-CKS-21A,Tap Water,2023-08-23 10:50:00,,-156.30964496202753,20.776768616378423,,,,,,,,18.3558,,3.0291,,,,,,,,10.5283,,,,216.9879,1.6109,,,,,,,,,,,,,,,,,,,,,,,,,,,,,,,,,,,,,,,,,,,,,,,,,,,,,,,,tap water,1.6109
08-23-CKS-22,Tap Water,2023-08-23 14:12:00,,-156.31761556988943,20.77876844097118,,,,,,,,8.8989,,,,,,,,,,,,,,,25.3836,,,,,,,,,,,6.2686,,,,,,,,,,,2.3578,,,,,,,,,,,,,,,,,,,,,,,,,,,,,,,,,,tap water,34.010000000000005
08-23-CKS-23,Tap Water,2023-08-23 14:41:00,,-156.30859768359937,20.77654977077379,,,,,,,,8.9012,,,,,,,,,,,,,,,26.4337,,,,,,,,,,,7.1684,,,,,,,,,,,2.7733,,,,,,,,,,,,,,,,,,,,,,,,,,,,,,,,,,tap water,36.3754
08-25-CKS-32,Tap Water,2023-08-25 13:04:00,,-156.30570076292136,20.778209646102823,,,,,,,,18.889,,,,1.5702,,,,,,,,,,,23.8827,,,,,,,,,,,4.624,,,,,,,,,,,1.282,,,,,,,,,,,,,,,,,,,,,,,,,,,,,,,,,,tap water,29.7887
08-25-CKS-33,Tap Water,2023-08-25 13:04:00,,-156.3115401051288,20.77578801188423,,,,,,,,15.3631,,,,1.4309,,,,,,,,,,,27.1288,,,,,,,,,,,5.8192,,,,,,,,,,,1.8606,,,,,,,,,,,,,,,,,,,,,,,,,,,,,,,,,,tap water,34.8086
08-25-CKS-35,Tap Water,2023-08-25 13:04:00,,-156.31115321340943,20.77558837699292,,,,,,,,10.9497,,,,1.8244,,,,,,,,,,,33.4709,,,,,,,,,,,4.6644,,,,,,,,,,,1.2138,,,,,,,,,,,,,,,,,,,,,,,,,,,,,,,,,,tap water,39.3491
08-29-CKS-41,Tap Water,2023-08-29 09:43:18,,-156.3239285627463,20.756423706704744,,,,,,,,41.9139,,,,,,,,,,,,,,,50.3204,,,,,,,,,,,7.7174,,,,,,,,,,,2.0564,,,,,,,,,,,,,,,,,,,,,,,,,,,,,,,,,,tap water,60.0942
08-29-CKS-42,Tap Water,2023-08-29 10:47:24,,-156.3953591890796,20.66732530390446,,,,,,,,47.4081,,,,,,,,,,,,,,,41.1086,,,,,,,,,,,7.8614,,,,,,,,,,,2.3398,,,,,,,,,,,,,,,,,,,,,,,,,,,,,,,,,,tap water,51.3098
08-29-CKS-43,Tap Water,2023-08-29 11:18:46,,-156.4017198278236,20.646563537683747,,,,,,,,,,,,,,,,,,,,,,,41.8076,,,,,,,,,,,8.6972,,,,,,,,,,,2.8638,,,,,,,,,,,,,,,,,,,,,,,,,,,,,,,,,,tap water,53.3686
08-29-CKS-51,Tap Water,2023-08-29 11:08:27,,-156.29945176857245,20.775928358486365,,,,,,,,4.658,,,,,,,,,,,,,,,29.6559,,,,,,,,,,,6.8627,,,,,,,,,,,2.2813,,,,,,,,,,,,,,,,,,,,,,,,,,,,,,,,,,tap water,38.7999
08-29-CKS-52,Tap Water,2023-08-29 11:42:43,,-156.3047802309504,20.774647602054767,,,,,,,,33.5458,,,,,,,,,,,,,,,47.8843,,,,,,,,,,,6.6847,,,,,,,,,,,,,,,,,,,,,,,,,,,,,,,,,,,,,,,,,,,,,tap water,54.569
08-29-CKS-53,Tap Water,2023-08-29 12:12:37,,-156.30617947878682,20.777922408766575,,,,,,,,6.8464,,,,,,,,,,,,,,,24.1796,,,,,,,,,,,4.4572,,,,,,,,,,,,,,,,,,,,,,,,,,,,,,,,,,,,,,,,,,,,,tap water,28.6368
08-29-CKS-54,Tap Water,2023-08-29 13:57:27,,-156.30543250157348,20.77435692521912,,,,,,,,7.4621,,,,,,,,,,,,,,,26.5723,,,,,,,,,,,6.84,,,,,,,,,,,2.3281,,,,,,,,,,,,,,,,,,,,,,,,,,,,,,,,,,tap water,35.740399999999994
08-29-CKS-55,Tap Water,2023-08-29 14:14:22,,-156.30680592202287,20.777417993185455,,,,,,,,21.6226,,,,,,,,,,,,,,,31.8395,,,,,,,,,,,7.3367,,,,,,,,,,,2.4234,,,,,,,,,,,,,,,,,,,,,,,,,,,,,,,,,,tap water,41.5996
8-30-23-KELLIE-1,Tap Water,2023-08-30 11:53:07,,-156.30383261399362,20.77120800680773,,,,,,,,6.1419,,,,,,,,,,,,,,,38.214,,,,,,,,,,,4.1027,,,,,,,,,,,,,,,,,,,,,,,,,,,,,,,,,,,,,,,,,,,,,tap water,42.3167
8-30-23-KELLIE-2,Tap Water,2023-08-30 12:37:22,,-156.30182353931025,20.768984618953457,,,,,,,,29.518,,,,,,,,,,,,,,,28.7934,,,,,,,,,,,3.7561,,,,,,,,,,,,,,,,,,,,,,,,,,,,,,,,,,,,,,,,,,,,,tap water,32.549499999999995
8-30-23-KELLIE-3,Tap Water,2023-08-30 12:41:14,,-156.30033227201872,20.770398716644124,,,,,,,,87.7429,,,,,,,,,,,,,,,86.2655,,,,,,,,,,,6.8312,,,,,,,,,,,2.1405,,,,,,,,,,,,,,,,,,,,,,,,,,,,,,,,,,tap water,95.2372
8-30-23-KELLIE-4,Tap Water,2023-08-30 13:36:05,,-156.30332044794753,20.76956820897769,,,,,,,,15.4507,,,,,,,,,,4.9808,,,,2.2292,52.5739,,,,,,,,,,,8.0327,,,,,,,,,,,2.0798,,,,,,,,,,,,,,,,,,,,,,,,,,,,,,,,,,tap water,62.686400000000006
8-30-23-KELLIE-6,Tap Water,2023-08-30 19:07:32,,-156.31710936977825,20.769876611400647,,,,,,,,90.5958,,,,,,,,,,,,,,,47.9583,,,,,,,,,,,5.3901,,,,,,,,,,,,,,,,,,,,,,,,,,,,,,,,,,,,,,,,,,,,,tap water,53.3484
09-01-CKS-61,Tap Water,2023-09-01 16:19:07,,-156.66535372110286,20.886045611526097,,,,,,,,,,,,,,,,,,,,,,,10.7601,,,,,,,,,,,2.4732,,,,,,,,,,,,,,,,,,,,,,,,,,,,,,,,,,,,,,,,,,,,,tap water,13.2333
09-01-CKS-62,Tap Water,2023-09-01 16:30:58,,-156.66687483805796,20.888697623742104,,,,,,,,,,,,,,,,,,,,,1.0367,,19.2347,,,,,,,,,,,7.7422,,,,,,,,,,,3.2617,,,,,,,,,,,,,,,,,,,,,,,,,,,,,,,,,,tap water,30.238599999999998
09-01-CKS-63,Tap Water,2023-09-01 17:03:11,,-156.66104364245302,20.85374190326415,,,,,,,,150.2532,,,,,,,,,,282.9737,,,,189.7993,,,,,,,,,,,,,,,,,,,,,,,,,,,,,,,5.9081,,,,,,,,,,,,,,,,,,,,,,,,,,tap water,5.9081
9-1-23-KELLIE-1,Tap Water,2023-09-01 13:22:42,,-156.36197529533146,20.714010676968943,,,,,,,,94.3832,,,,,,,,,,,,,,,43.7588,,,,,,,,,,,8.6495,,,,,,,,,,,2.5453,,,,,,,,,,,,,,,,,,,,,,,,,,,,,,,,,,tap water,54.9536
9-1-23-KELLIE-2,Tap Water,2023-09-01 14:54:50,,-156.30427233309058,20.768343663428936,,,,,,,,18.6133,,,,,,,,,,,,,,,22.0473,,,,,,,,,,,4.981,,,,,,,,,,,2.0491,,,,,,,,,,,,,,,,,,,,,,,,,,,,,,,,,,tap water,29.0774
9-1-23-KELLIE-3,Tap Water,2023-09-01 14:57:00,,-156.29867162586925,20.77288819518343,,,,,,,,28.1821,,,,,,,,,,,,,,,55.0339,,,,,,,,,,,8.7142,,,,,,,,,,,2.7772,,,,,,,,,,,,,,,,,,,,,,,,,,,,,,,,,,tap water,66.5253
9-8-KDP-1,Tap Water,2023-09-08 14:23:33,,-156.33023567110683,20.76321620406952,,,,,,,,7.6458,,,,,,,,,,,,,,,47.9921,,,,,,,,,,,8.4607,,,,,,,,,,,2.7339,,,,,,,,,,,,,,,,,,,,,,,,,,,,,,,,,,tap water,59.1867
9-8-KDP-2,Tap Water,2023-09-08 14:33:14,,-156.32955429109327,20.763600870265837,,,,,,,,18.2349,,,,,,,,,,,,,,,31.3874,,,,,,,,,,,4.4183,,,,,,,,,,,,,,,,,,,,,,,,,,,,,,,,,,,,,,,,,,,,,tap water,35.8057
9-8-KDP-3,Tap Water,2023-09-08 14:52:54,,-156.329598909894,20.762511700823868,,,,,,,,20.3123,,,,,,,,,,,,,,,32.4315,,,,,,,,,,,7.4795,,,,,,,,,,,2.6985,,,,,,,,,,,,,,,,,,,,,,,,,,,,,,,,,,tap water,42.6095
9-8-KDP-4,Tap Water,2023-09-08 15:10:00,,-156.32580478509743,20.76195785933596,,,,,,,,33.6507,,,,,,,,,,,,,,,34.4919,,,,,,,,,,,7.7328,,,,,,,,,,,2.8487,,,,,,,,,,,,,,,,,,,,,,,,,,,,,,,,,,tap water,45.0734
09-11-KDP-1,Tap Water,2023-09-11 13:50:00,,,,,,,,,,,24.9456,,,,,,,,,,,,,,,20.0432,,,,,,,,,,,3.6099,,,,,,,,,,,,,,,,,,,,,,,,,,,,,,,,,,,,,,,,,,,,,tap water,23.6531
09-11-KDP-2,Tap Water,2023-09-11 16:16:39,,-156.32416114668587,20.761363877515528,,,,,,,,42.3797,,,,,,,,,,,,,,,37.7502,,,,,,,,,,,7.1232,,,,,,,,,,,2.6906,,,,,,,,,,,,,,,,,,,,,,,,,,,,,,,,,,tap water,47.564
09-11-KDP-3,Tap Water,2023-09-11 16:32:46,,-156.3222480985512,20.75611523946506,,,,,,,,51.1349,,,,,,,,,,,,,,,22.5192,,,,,,,,,,,6.7336,,,,,,,,,,,3.3846,,,,,,,,,,,,,,,,,,,,,,,,,,,,,,,,,,tap water,32.6374
9-12-CKS-1,Tap Water,2023-09-12 12:22:43,,-156.68240186906465,20.902249435644492,,,,,,,,35.7756,,,,,,,,,,,,,,,38.878,,,,,,,,,,,16.8789,,,,,,,,,,,7.119,,,,,,,,,,,,,,,,,,,,,,,,,,,,,,,,,,tap water,62.8759
9-12-CKS-2,Tap Water,2023-09-12 12:38:23,,-156.68277258099067,20.900515697648668,,,,,,,,31.6132,,,,,,,,,,,,,,,37.0073,,,,,,,,,,,14.7643,,,,,,,,,,,5.1457,,,,,,,,,,,,,,,,,,,,,,,,,,,,,,,,,,tap water,56.9173
9-12-CKS-3,Tap Water,2023-09-12 12:59:02,,-156.68505312598876,20.902004495283403,,,,,,,,17.3274,,,,,,,,,,,,,,,34.6152,,,,,,,,,,,13.5636,,,,,,,,,,,4.6346,,,,,,,,,,,,,,,,,,,,,,,,,,,,,,,,,,tap water,52.8134
9-12-CKS-4,Tap Water,2023-09-12 13:10:00,,-156.6809136323028,20.902548560575223,,,,,,,,31.4515,,,,,,,,,,,,,,,28.3397,,,,,,,,,,,12.0447,,,,,,,,,,,6.5497,,,,,,,,3.6203,,,,,,,,,,,,,,,,,,,,,,,,,,tap water,50.5544
09-12-KDP-1,Tap Water,2023-09-12 13:02:37,,-156.32356548927658,20.79034792735182,,,,,,,,22.0753,,,,,,,,,,,,,,,15.7895,,,,,,,,,,,5.6799,,,,,,,,,,,3.2107,,,,,,,,,,,,,,,,,,,,,,,,,,,,,,,,,,tap water,24.6801
09-12-KDP-2,Tap Water,2023-09-12 13:42:04,,-156.32005306781016,20.789868189665437,,,,,,,,12.1531,,,,,,,,,,,,,,,11.0503,,,,,,,,,,,5.9102,,,,,,,,,,,3.9291,,,,,,,,,,,,,,,,,,,,,,,,,,,,,,,,,,tap water,20.8896
09-12-KDP-3,Tap Water,2023-09-12 13:47:00,,-156.32191105888018,20.791869474086493,,,,,,,,12.9927,,,,,,,,,,,,,,,14.7275,,,,,,,,,,,6.7532,,,,,,,,,,,4.2314,,,,,,,,,,,,,,,,,,,,,,,,,,,,,,,,,,tap water,25.7121
9-14-CKS-1,Tap Water,2023-09-14 12:02:04,,-156.68423301063237,20.882946890832383,,,,,,,,56.2841,,,,,,,,,,,,,,,21.0227,,,,,,,,,,,12.8865,,,,,,,,,,,7.818,,,,,,,,2.0104,,,,,,,,,,,,,,,,,,,,,,,,,,tap water,43.7376
9-14-CKS-2,Tap Water,2023-09-14 12:29:35,,-156.6632429876395,20.885692922467705,,,,,,,,49.9909,,,,,,,,,,,,,,,8.1223,,,,,,,,,,,6.0837,,,,,,,,,,,3.681,,,,,,,,,,,,,,,,,,,,,,,,,,,,,,,,,,tap water,17.887
9-14-CKS-3,Tap Water,2023-09-14 13:07:19,,-156.68854671355408,20.90276405779635,,,,,,,,10.8452,,,,,,,,,,,,,,,20.8773,,,,,,,,,,,12.128,,,,,,,,,,,14.7821,,,,,,,,26.4982,,,,,,,,,,,,,,,,,,,,,,,,,,tap water,74.2856
9-14-CKS-4,Tap Water,2023-09-14 13:21:08,,-156.6825132726532,20.902460738491246,,,,,,,,77.3711,,,,,,,,,,,,,,,44.1945,,,,,,,,,,,19.3194,,,,,,,,,,,10.595,,,,,,,,3.8466,,,,,,,,,,,,,,,,,,,,,,,,,,tap water,77.9555
9-14-CKS-5,Tap Water,2023-09-14 14:23:41,,-156.68242176255436,20.899369265787453,,,,,,,,26.4427,,,,,,,,,,,,,,,24.7314,,,,,,,,,,,13.8276,,,,,,,,,,,11.9015,,,,,,,,9.065,,,,,,,,,,,,,,,,,,,,,,,,,,tap water,59.5255
09-14-CKS-6,Tap Water,2023-09-14 14:55:41,,-156.68447200452812,20.900024272374772,,,,,,,,19.492,,,,,,,,,,,,,,,30.8509,,,,,,,,,,,16.2542,,,,,,,,,,,9.631,,,,,,,,3.7042,,,,,,,,,,,,,,,,,,,,,,,,,,tap water,60.4403
09-14-JJ-1,Tap Water,2023-09-14 15:56:51,,-156.3239479583725,20.81442520595458,,,,,,,,9.9644,,,,,,,,,,,,,,,17.3102,,,,,,,,,,,,,,,,,,,,,,,,,,,,,,,,,,,,,,,,,,,,,,,,,,,,,,,,tap water,17.3102
09-14-JJ-2,Tap Water,2023-09-14 15:59:40,,-156.32411391674663,20.78530436203953,,,,,,,,44.1191,,,,,,,,,,,,,,,14.9611,,,,,,,,,,,4.5294,,,,,,,,,,,2.0589,,,,,,,,,,,,,,,,,,,,,,,,,,,,,,,,,,tap water,21.5494
9-14-CKS-8,Tap Water,2023-09-14 16:44:32,,-156.68515972175751,20.901539964823385,,,,,,,,35.0683,,,,,,,,,,,,,,,26.6203,,,,,,,,,,,15.8895,,,,,,,,,,,13.0527,,,,,,,,9.4304,,,,,,,,,,,,,,,,,,,,,,,,,,tap water,64.99289999999999
09-14-JJ-3,Tap Water,2023-09-14 17:26:42,,-156.32502134380405,20.78876901470376,,,,,,,,61.4747,,,,,,,,,,,,,,,7.6791,,,,,,,,,,,3.2612,,,,,,,,,,,,,,,,,,,,,,,,,,,,,,,,,,,,,,,,,,,,,tap water,10.9403
09-14-KDP-1,Tap Water,2023-09-15 11:58:19,,-156.33640746826225,20.752220455376147,,,,,,,,14.7998,,,,,,,,,,,,,,,7.9832,,,,,,,,,,,5.5203,,,,,,,,,,,4.0771,,,,,,,,,,,,,,,,,,,,,,,,,,,,,,,,,,tap water,17.5806
09-14-KDP-2,Tap Water,2023-09-15 12:15:36,,-156.3365402804725,20.753234424652646,,,,,,,,9.2055,,,,,,,,,,,,,,,28.663,,,,,,,,,,,4.2163,,,,,,,,,,,,,,,,,,,,,,,,,,,,,,,,,,,,,,,,,,,,,tap water,32.8793
09-14-KDP-3,Tap Water,2023-09-15 12:43:11,,-156.33291215327904,20.753171031259036,,,,,,,,9.7513,,,,,,,,,,,,,,2.8817,7.4954,,,,,,,,,,,2.1452,,,,,,,,,,,,,,,,,,,,,,,,,,,,,,,,,,,,,,,,,,,,,tap water,9.6406
09-14-KDP-4,Tap Water,2023-09-15 12:55:05,,-156.328535287767,20.748499775504065,,,,,,,,10.5962,,,,,,,,,,,,,,,6.5544,,,,,,,,,,,,,,,,,,,,,,,,,,,,,,,,,,,,,,,,,,,,,,,,,,,,,,,,tap water,6.5544
09-14-KDP-5,Tap Water,2023-09-15 13:00:00,,,,,,,,,,,5.1135,,,,,,,,,,,,,,,38.2884,,,,,,,,,,,9.7821,,,,,,,,,,,4.8183,,,,,,,,,,,,,,,,,,,,,,,,,,,,,,,,,,tap water,52.8888
09-18-KDP-1,Tap Water,,,-156.30889760306482,20.77817928355249,,,,,,,,15.5967,,,,,,,,,,,,,,,27.6707,,,,,,,,,,,7.4033,,,,,,,,,,,3.0427,,,,,,,,,,,,,,,,,,,,,,,,,,,,,,,,,,tap water,38.1167
09-19-KDP-1,Tap Water,2023-09-19 12:25:08,,-156.3291603319116,20.755718509312352,,,,,,,,9.1831,,,,,,,,,,,,,,109.8697,71.403,,,,,,,,,,,6.9835,,,,,,,,,,,2.2088,,,,,,,,,,,,,,,,,,,,,,,,,,,,,,,,,,tap water,80.59530000000001
09-19-KDP-3,Tap Water,2023-09-19 13:33:04,,-156.306727272376,20.77798278329246,,,,,,,,11.6492,,,,,,,,,,,,,,,12.1458,,,,,,,,,,,,,,,,,,,,,,,,,,,,,,,,,,,,,,,,,,,,,,,,,,,,,,,,tap water,12.1458
09-22-KDP-3,Tap Water,2023-09-22 14:05:40,,-156.3303748599226,20.73903687160969,,,,,,,,17.6695,,,,,,,,,,,,,,,14.7691,,,,,,,,,,,,,,,,,,,,,,,,,,,,,,,,,,,,,,,,,,,,,,,,,,,,,,,,tap water,14.7691
09-22-KDP-4,Tap Water,2023-09-22 14:47:39,,-156.30267427678294,20.75738345018076,,,,,,,,,,,,,,,,,,,,,,,11.9323,,,,,,,,,,,,,,,,,,,,,,,,,,,,,,,,,,,,,,,,,,,,,,,,,,,,,,,,tap water,11.9323
09-22-KDP-5,Tap Water,2023-09-22 14:49:46,,-156.30995005978164,20.77715294761833,,,,,,,,,,,,,,,,,,,,,,,,,,,,,,,,,,2.0653,,,,,,,,,,,4.6744,,,,,,,,7.3138,,,,,,,,,,,,,,,,,,,,,,,,,,tap water,14.0535
09-22-KDP-1,Tap Water,2023-09-22 14:50:58,,-156.30759529479062,20.77562072812548,,,,,,,,6.4024,,,,,,,,,,,,,,11.3352,,,,,,,,,,,,,,,,,,,,,,,,,,,,,,,,,,,,,,,,,,,,,,,,,,,,,,,,,tap water,0.0
09-22-KDP-6,Tap Water,2023-09-22 15:10:57,,-156.30587063355858,20.758415719247857,,,,,,,,13.2604,,,,,,,,,,,,,,,3.1988,,,,,,,,,,,,,,,,,,,,,,,,,,,,,,,,,,,,,,,,,,,,,,,,,,,,,,,,tap water,3.1988
09-22-KDP-7,Tap Water,2023-09-22 15:37:53,,-156.30676373999654,20.761002934933188,,,,,,,,12.6027,,,,,,,,,,,,,,,74.2369,,,,,,,,,,,6.9603,,,,,,,,,,,2.7307,,,,,,,,,,,,,,,,,,,,,,,,,,,,,,,,,,tap water,83.92790000000001
09-25-KDP-2,Tap Water,2023-09-25 14:30:28,,-156.30132256062734,20.760280488564938,,,,,,,,,,,,,,,,,,10.0282,,,,12.8605,10.8977,,,,,,,,,,,,,,,,,,,,,,,,,,,,,,,,,,,,,,,,,,,,,,,,,,,,,,,,tap water,10.8977
09-25-KDP-3,Tap Water,2023-09-25 15:10:37,,-156.3120262926036,20.77620498150107,,,,,,,,,,,,,,,,,,,,,,,31.2233,,,,,,,,,,,8.0684,,,,,,,,,,,3.1858,,,,,,,,,,,,,,,,,,,,,,,,,,,,,,,,,,tap water,42.4775
09-25-KDP-5,Tap water,2023-09-25 15:29:39,,-156.31036890675412,20.774021206145132,,,,,,,,,,,,,,,,,,,,,,,28.355,,,,,,,,,,,5.0193,,,,,,,,,,,,,,,,,,,,,,,,,,,,,,,,,,,,,,,,,,,,,tap water,33.3743
09-26-JI-1,Tap Water,2023-09-26 09:37:03,,-156.68013262709852,20.90116932162488,,,,,,,,13.2191,,,,,,,,,,,,,,,39.3599,,,,,,,,,,,16.2939,,,,,,,,,,,12.0569,,,,,,,,7.2331,,,,,,,,,,,,,,,,,,,,,,,,,,tap water,74.94380000000001
09-26-JI-3,Tap Water,2023-09-26 10:00:29,,-156.67989309870617,20.8990386155032,,,,,,,,,,,,,,,,,,,,,,,35.7749,,,,,,,,,,,14.8348,,,,,,,,,,,10.5622,,,,,,,,6.6803,,,,,,,,,,,,,,,,,,,,,,,,,,tap water,67.85220000000001
09-26-JI-4,Tap Water,2023-09-26 10:10:43,,-156.68295730947864,20.902329568458704,,,,,,,,,,,,,,,,,,,,,,,35.4002,,,,,,,,,,,15.3078,,,,,,,,,,,11.2005,,,,,,,,8.0116,,,,,,,,,,,,,,,,,,,,,,,,,,tap water,69.92009999999999
09-26-JI-5,Tap Water,2023-09-26 10:22:00,,-156.68129758713883,20.90246080259808,,,,,,,,5.1842,,,,,,,,,,,,,,,45.0083,,,,,,,,,,,17.1247,,,,,,,,,,,10.2074,,,,,,,,4.4864,,,,,,,,,,,,,,,,,,,,,,,,,,tap water,76.82679999999999
09-26-JI-6,Tap Water,2023-09-26 10:32:20,,-156.68601626823266,20.89851537044844,,,,,,,,8.4825,,,,,,,,,,,,,,,45.5372,,,,,,,,,,,3.054,,,,,,,,,,,2.2391,,,,,,,,2.3477,,,,,,,,,,,,,,,,,,,,,,,,,,tap water,53.178
9-26-JES-1,Tap Water,2023-09-26 13:18:42,,-156.68576947519952,20.949263636707133,,,,,,,,11.2181,,,,,,,,,,,,,,,38.3394,,,,,,,,,,,11.283,,,,,,,,,,,4.5442,,,,,,,,2.1407,,,,,,,,,,,,,,,,,,,,,,,,,,tap water,56.3073
9-26-JES-2,Tap Water,2023-09-26 14:08:57,,-156.6845366160721,20.952796435606995,,,,,,,,4.3823,,,,,,,,,,,,,,,,,,,,,,,,,,,,,,,,,,,,,,,,,,,,,2.5339,,,,,,,,,,,,,,,,,,,,,,,,,,tap water,2.5339
09-26-KDP-1,Tap Water,2023-09-26 14:20:42,,-156.30879432713766,20.76250136167355,,,,,,,,12.403,,,,,,,,,,,,,,,3.8735,,,,,,,,,,,,,,,,,,,,,,,,,,,,,,,,,,,,,,,,,,,,,,,,,,,,,,,,tap water,3.8735
09-26-KDP-2,Tap Water,2023-09-26 16:25:20,,-156.3094172477288,20.779013908301906,,,,,,,,6.9647,,,,,,,,,,,,,,,62.9747,,,,,,,,,,,7.728,,,,,,,,,,,2.0611,,,,,,,,,,,,,,,,,,,,,,,,,,,,,,,,,,tap water,72.7638
09-27-KDP-1,Tap Water,2023-09-27 16:33:17,,-156.32866931351262,20.743941188065826,,,,,,,,,,,,,,,,,,,,,,,3.9108,,,,,,,,,,,,,,,,,,,,,,,,,,,,,,,,,,,,,,,,,,,,,,,,,,,,,,,,tap water,3.9108
09-27-KDP-3,Tap Water,2023-09-27 16:37:09,,-156.30768878826947,20.7819851418613,,,,,,,,6.9206,,,,,,,,,,,,,,,29.3274,,,,,,,,,,,6.3591,,,,,,,,,,,2.0104,,,,,,,,,,,,,,,,,,,,,,,,,,,,,,,,,,tap water,37.6969
09-27-KDP-6,Tap Water,2023-09-27 16:51:59,,-156.31084180188577,20.778303955943297,,,,,,,,22.9134,,,,,,3.0089,,,,,,,,,45.3442,,,,,,,,,,,4.2346,,,,,,,,,,,,,,,,,,,,,,,,,,,,,,,,,,,,,,,,,,,,,tap water,49.5788
09-27-KDP-8,Tap Water,2023-09-27 17:14:17,,-156.31188004751337,20.777030676153565,,,,,,,,,,,,,,,,,,,,,,,29.6341,,,,,,,,,,,4.8554,,,,,,,,,,,,,,,,,,,,,,,,,,,,,,,,,,,,,,,,,,,,,tap water,34.4895
09-27-KDP-7,Tap Water,2023-09-27 18:04:33,,-156.31242736864422,20.77421430372937,,,,,,,,,,,,,,,,,,,,,,,31.4044,,,,,,,,,,,5.5091,,,,,,,,,,,,,,,,,,,,,,,,,,,,,,,,,,,,,,,,,,,,,tap water,36.9135
09-27-KDP-9,Tap Water,2023-09-27 18:06:54,,-156.30943879591825,20.77649897423203,,,,,,,,7.4535,,,,,,,,,,,,,,,45.357,,,,,,,,,,,5.2886,,,,,,,,,,,,,,,,,,,,,,,,,,,,,,,,,,,,,,,,,,,,,tap water,50.6456
09-27-KDP-10,Tap Water,2023-09-27 18:10:12,,-156.3120369069258,20.77983495689864,,,,,,,,,,,,,,,,,,,,,,,29.75,,,,,,,,,,,6.1143,,,,,,,,,,,,,,,,,,,,,,,,,,,,,,,,,,,,,,,,,,,,,tap water,35.8643
10-02-23-JI-01,Tap Water,2023-10-02 11:20:24,,-156.6823473913467,20.90253225114079,,,,,,,,19.9001,,,,,,,,,,,,,,,29.9544,,,,,,,,,,,14.2141,,,,,,,,,,,12.6606,,,,,,,,11.0816,,,,,,,,,,,,,,,,,,,,,,,,,,tap water,67.91069999999999
10-02-23-JI-02,Tap Water,2023-10-02 11:35:07,,-156.68071202845977,20.901783252903588,,,,,,,,17.3977,,,,,,,,,,,,,,,31.8031,,,,,,,,,,,14.7462,,,,,,,,,,,12.606,,,,,,,,10.4679,,,,,,,,,,,,,,,,,,,,,,,,,,tap water,69.6232
10-02-23-JI-03,Tap Water,2023-10-02 11:51:01,,-156.6828773046005,20.897928898697938,,,,,,,,25.0865,,,,,,,,,,,,,,,34.1916,,,,,,,,,,,15.3867,,,,,,,,,,,12.1093,,,,,,,,8.0733,,,,,,,,,,,,,,,,,,,,,,,,,,tap water,69.76089999999999
10-02-KDP-1,Tap Water,2023-10-02 15:20:28,,-156.30905056648197,20.777069079653774,,,,,,,,6.4531,,,,,,,,,,,,,,,41.194,,,,,,,,,,,4.8756,,,,,,,,,,,,,,,,,,,,,,,,,,,,,,,,,,,,,,,,,,,,,tap water,46.0696
10-02- KDP-4,Tap Water,2023-10-02 16:12:26,,-156.30779186047627,20.77497340246039,,,,,,,,8.7509,,,,,,,,,,,,,,,43.5208,,,,,,,,,,,5.8847,,,,,,,,,,,,,,,,,,,,,,,,,,,,,,,,,,,,,,,,,,,,,tap water,49.4055
10-02-KDP-5,Tap Water ,2023-10-02 16:30:00,,-156.31562072482967,20.782119771035255,,,,,,,,20.6346,,,,,,,,,,,,,,,37.1726,,,,,,,,,,,4.5982,,,,,,,,,,,,,,,,,,,,,,,,,,,,,,,,,,,,,,,,,,,,,tap water,41.7708
10-02-KDP-6,Tap Water,2023-10-02 16:49:14,,-156.31886761152347,20.78349273615992,,,,,,,,16.7863,,,,,,,,,,,,,,,33.4206,,,,,,,,,,,5.3209,,,,,,,,,,,,,,,,,,,,,,,,,,,,,,,,,,,,,,,,,,,,,tap water,38.7415
10-2-KDP-8,Tap Water,2023-10-02 17:05:59,,-156.3158265062442,20.77972587925642,,,,,,,,,,,,,,,,,,,,,,,36.9577,,,,,,,,,,,3.4838,,,,,,,,,,,,,,,,,,,,,,,,,,,,,,,,,,,,,,,,,,,,,tap water,40.441500000000005
10-02-KDP-9,Tap Water,2023-10-02 17:18:44,,-156.31665979109002,20.785201878605893,,,,,,,,29.1084,,,,,,,,,,,,,,,46.8263,,,,,,,,,,,4.946,,,,,,,,,,,,,,,,,,,,,,,,,,,,,,,,,,,,,,,,,,,,,tap water,51.7723
10-02-KDP-10,Tap Water,2023-10-02 18:39:03,,-156.30337843899196,20.778499467386467,,,,,,,,33.9091,,,,,,,,,,,,,,,44.6607,,,,,,,,,,,5.2377,,,,,,,,,,,,,,,,,,,,,,,,,,,,,,,,,,,,,,,,,,,,,tap water,49.898399999999995
10-03-23-JI-01,Tap Water,2023-10-03 10:55:46,,-156.68223159726887,20.90176317794984,,,,,,,,52.5921,,,,,,,,,,,,,,,46.1346,,,,,,,,,,,14.9655,,,,,,,,,,,5.3709,,,,,,,,,,,,,,,,,,,,,,,,,,,,,,,,,,tap water,66.471
10-03-23-JI-02,Tap Water,2023-10-03 11:12:07,,-156.6784832301302,20.89931025959839,,,,,,,,74.8581,,,,,,,,,,,,,,,51.2503,,,,,,,,,,,7.3984,,,,,,,,,,,7.4977,,,,,,,,10.2007,,,,,,,,,,,,,,,,,,,,,,,,,,tap water,76.34710000000001
10-03-23-JI-03,Tap Water,2023-10-03 11:25:02,,-156.68287226475283,20.901656150649412,,,,,,,,29.1338,,,,,,,,,,,,,,,42.0963,,,,,,,,,,,14.5841,,,,,,,,,,,5.7177,,,,,,,,,,,,,,,,,,,,,,,,,,,,,,,,,,tap water,62.3981
10-03-23-JI-04,Tap Water,2023-10-03 11:38:53,,-156.68131812670416,20.89915441273539,,,,,,,,18.2659,,,,,,,,,,,,,,,45.144,,,,,,,,,,,16.6517,,,,,,,,,,,7.9212,,,,,,,,,,,,,,,,,,,,,,,,,,,,,,,,,,tap water,69.7169
10-03-23-JL-05,Tap Water,2023-10-03 00:00:00,,-156.6826406850128,20.89902798911429,,,,,,,,16.6751,,,,,,,,,,,,,,,47.3547,,,,,,,,,,,16.1942,,,,,,,,,,,6.492,,,,,,,,,,,,,,,,,,,,,,,,,,,,,,,,,,tap water,70.0409
10-03-JES-5,Tap Water,2023-10-03 11:46:47,,-156.68045129145625,20.95898115216225,,,,,,,,9.1156,,,,,,,,,,,,,,,20.9921,,,,,,,,,,,7.0426,,,,,,,,,,,4.131,,,,,,,,6.7671,,,,,,,,,,,,,,,,,,,,,,,,,,tap water,38.9328
10-03-JES-6,Tap Water,2023-10-03 12:09:51,,-156.66894461111232,20.98530328013936,,,,,,,,18.4111,,,,,,,,,,,,,,,,,,,,,,,,,,,,,,,,,,,,,,,,,,,,,4.7371,,,,,,,,,,,,,,,,,,,,,,,,,,tap water,4.7371
10-03-JES-9,Tap Water,2023-10-03 13:06:40,,-156.6623782835812,20.98473808293133,,,,,,,,18.0431,,,,,,,,,,,,,,,,,,,,,,,,,,,,,,,,,,,,,8.7214,,,,,,,,33.9244,,,,,,,,,,,,,,,,,,,,,,,,,,tap water,42.645799999999994
10-03-JES-10,Tap Water,2023-10-03 14:01:25,,-156.63519183401752,20.848200399291677,,,,,,,,9.6893,,,,,,,,,,,,,,,,,,,,,,,,,,,,,,,,,,,,,,,,,,,,,5.5504,,,,,,,,,,,,,,,,,,,,,,,,,,tap water,5.5504
10-03-JES-13,Tap Water,2023-10-03 14:30:36,,-156.63161662761885,20.849944114409507,,,,,,,,12.6889,,,,,,,,,,,,,,,,,,,,,,,,,,,,,,,,,,,,,,,,,,,,,5.4084,,,,,,,,,,,,,,,,,,,,,,,,,,tap water,5.4084
10-03-JES-14,Tap Water,2023-10-03 15:07:44,,-156.6768470565232,20.877219864475833,,,,,,,,10.6154,,,,,,,,,,,,,,,,,,,,,,,,,,,,,,,,,,,,,,,,,,,,,6.9138,,,,,,,,,,,,,,,,,,,,,,,,,,tap water,6.9138
10-03-JES-16,Tap Water,2023-10-03 16:24:30,,-156.68800285974325,20.951236481907657,,,,,,,,10.4144,,,,,,,,,,,,,,,40.3645,,,,,,,,,,,11.5777,,,,,,,,,,,2.8949,,,,,,,,,,,,,,,,,,,,,,,,,,,,,,,,,,tap water,54.8371
10-04-JES-19,Tap Water,2023-10-04 10:17:46,,-156.68947557803295,20.94578045003136,,,,,,,,34.7213,,,,,,,,,,,,,,,47.1421,,,,,,,,,,,12.2144,,,,,,,,,,,2.6545,,,,,,,,,,,,,,,,,,,,,,,,,,,,,,,,,,tap water,62.010999999999996
10-04-JES-21,Tap Water,2023-10-04 11:01:14,,-156.67909032330337,20.898949598294905,,,,,,,,16.2398,,,,,,,,,,,,,,,44.9127,,,,,,,,,,,14.8015,,,,,,,,,,,5.0307,,,,,,,,,,,,,,,,,,,,,,,,,,,,,,,,,,tap water,64.7449
10-04-JES-22,Tap Water,2023-10-04 12:11:17,,-156.67678018401915,20.8869049000902,,,,,,,,36.2476,,,,,,,,,,,,,,,17.5941,,,,,,,,,,,7.5303,,,,,,,,,,,2.9958,,,,,,,,,,,,,,,,,,,,,,,,,,,,,,,,,,tap water,28.1202
10-04-JES-25,Tap Water,2023-10-04 13:12:58,,-156.6414910709434,20.845930126023273,,,,,,,,6.0778,,,,,,,,,,,,,,,,,,,,,,,,,,,,,,,,,,,,,,,,,,,,,9.4699,,,,,,,,,,,,,,,,,,,,,,,,,,tap water,9.4699
10-04-KDP-1,Tap Water,2023-10-04 13:24:34,,-156.31205733126845,20.781068427443063,,,,,,,,,,,,,,,,,,,,,,,33.6554,,,,,,,,,,,4.4758,,,,,,,,,,,,,,,,,,,,,,,,,,,,,,,,,,,,,,,,,,,,,tap water,38.1312
10-04-KDP-3,Tap Water,2023-10-04 14:36:43,,-156.32752389150718,20.79003758726337,,,,,,,,26.8618,,,,,,,,,,,,,,,32.8338,,,,,,,,,,,4.2682,,,,,,,,,,,,,,,,,,,,,,,,,,,,,,,,,,,,,,,,,,,,,tap water,37.102
10-04-KDP-4,Tap Water,2023-10-04 14:38:01,,-156.30420443136362,20.77456876079701,,,,,,,,8.5489,,,,,,,,,,,,,,,45.6448,,,,,,,,,,,2.8623,,,,,,,,,,,,,,,,,,,,,,,,,,,,,,,,,,,,,,,,,,,,,tap water,48.507099999999994
10-04-JES-26,Tap Water,2023-10-04 15:07:52,,-156.67074872631017,20.88440373503663,,,,,,,,21.2511,,,,,,,,,,,,,,,16.6584,,,,,,,,,,,7.7653,,,,,,,,,,,3.1568,,,,,,,,,,,,,,,,,,,,,,,,,,,,,,,,,,tap water,27.5805
10-04-KDP-5,Tap Water,2023-10-04 15:16:37,,-156.30731012465466,20.778977833701315,,,,,,,,18.0799,,,,,,,,,,,,,,,47.0004,,,,,,,,,,,4.2557,,,,,,,,,,,,,,,,,,,,,,,,,,,,,,,,,,,,,,,,,,,,,tap water,51.256099999999996
10-04-KDP-7,Tap Water,2023-10-04 15:19:00,,-156.3196167783464,20.780253413574037,,,,,,,,24.6733,,,,,,,,,,,,,,,38.0363,,,,,,,,,,,5.0456,,,,,,,,,,,,,,,,,,,,,,,,,,,,,,,,,,,,,,,,,,,,,tap water,43.0819
10-9-23-JI-01,Tap Water,2023-10-09 09:29:00,,-156.66781086987075,20.883998830657823,,,,,,,,6.1333,,,,,,,,,,,,,,,7.3979,,,,,,,,,,,5.8607,,,,,,,,,,,2.9912,,,,,,,,,,,,,,,,,,,,,,,,,,,,,,,,,,tap water,16.2498
10-9-23-JI-02,Tap Water,2023-10-09 10:04:22,,-156.68509879426813,20.89903213146036,,,,,,,,13.3334,,,,,,,,,,,,,,,40.0372,,,,,,,,,,,15.3096,,,,,,,,,,,4.6887,,,,,,,,,,,,,,,,,,,,,,,,,,,,,,,,,,tap water,60.0355
10-9-23-JI-03,Tap Water,2023-10-09 10:27:51,,-156.68120788643097,20.902426718940664,,,,,,,,6.1811,,,,,,,,,,,,,,,40.1379,,,,,,,,,,,14.3678,,,,,,,,,,,4.3569,,,,,,,,,,,,,,,,,,,,,,,,,,,,,,,,,,tap water,58.8626
10-9-23-JI-04,Tap Water,2023-10-09 10:51:39,,-156.68009147688466,20.90307732416051,,,,,,,,8.242,,,,,,,,,,,,,,,43.2032,,,,,,,,,,,16.6781,,,,,,,,,,,5.639,,,,,,,,,,,,,,,,,,,,,,,,,,,,,,,,,,tap water,65.5203
10-3-23-JI-05,Tap Water,2023-10-09 11:44:56,,-156.682772472174,20.902995201383103,,,,,,,,9.4437,,,,,,,,,,,,,,,37.951,,,,,,,,,,,14.5524,,,,,,,,,,,4.724,,,,,,,,,,,,,,,,,,,,,,,,,,,,,,,,,,tap water,57.2274
10-10-23-JI-01,Tap Water,2023-10-10 08:09:23,,-156.68153559005893,20.89981756110158,,,,,,,,25.4181,,,,,,,,,,,,,,,42.5147,,,,,,,,,,,15.5209,,,,,,,,,,,7.0789,,,,,,,,,,,,,,,,,,,,,,,,,,,,,,,,,,tap water,65.11449999999999
10-10-23-JI-02,Tap Water,2023-10-10 08:22:21,,-156.67920778565056,20.898374212429847,,,,,,,,23.2717,,,,,,,,,,,,,,,62.9478,,,,,,,,,,,18.78,,,,,,,,,,,7.0219,,,,,,,,,,,,,,,,,,,,,,,,,,,,,,,,,,tap water,88.7497
10-10-23-JI-03,Tap Water,2023-10-10 08:31:17,,-156.678090866256,20.901495000887632,,,,,,,,36.8503,,,,,,,,,,,,,,,50.2325,,,,,,,,,,,18.2568,,,,,,,,,,,8.5465,,,,,,,,1.117,,,,,,,,,,,,,,,,,,,,,,,,,,tap water,78.1528
10-10-23-JI-04,Tap Water,2023-10-10 08:48:25,,-156.68000954427242,20.876371719825368,,,,,,,,41.2477,,,,,,,,,,,,,,,39.1619,,,,,,,,,,,14.5607,,,,,,,,,,,5.9214,,,,,,,,,,,,,,,,,,,,,,,,,,,,,,,,,,tap water,59.644000000000005
10-10-23-JI-05,Tap Water,2023-10-10 09:13:40,,-156.68275379739612,20.902267165863808,,,,,,,,52.8314,,,,,,,,,,,,,,,34.177,,,,,,,,,,,12.5401,,,,,,,,,,,4.5691,,,,,,,,,,,,,,,,,,,,,,,,,,,,,,,,,,tap water,51.2862
10-12-23-JI-01,Tap Water,2023-10-12 12:09:42,,-156.67894454964326,20.899948201517244,,,,,,,,21.6683,,,,,,,,,,,,,,,32.1047,,,,,,,,,,,13.0497,,,,,,,,,,,5.33,,,,,,,,,,,,,,,,,,,,,,,,,,,,,,,,,,tap water,50.4844
10-12-23-JI-02,Tap Water,2023-10-12 12:23:58,,-156.6818831302781,20.901694298857585,,,,,,,,28.206,,,,,,,,,,,,,,,31.3511,,,,,,,,,,,13.0393,,,,,,,,,,,4.8862,,,,,,,,,,,,,,,,,,,,,,,,,,,,,,,,,,tap water,49.2766
10-12-23-JI-03,Tap Water,2023-10-12 12:31:45,,-156.6804741826861,20.903698475123665,,,,,,,,25.5856,,,,,,,,,,,,,,,29.0068,,,,,,,,,,,11.6895,,,,,,,,,,,4.3668,,,,,,,,,,,,,,,,,,,,,,,,,,,,,,,,,,tap water,45.0631
10-12-23-JI-04,Tap Water,2023-10-12 12:53:06,,-156.67870474364514,20.901549798600374,,,,,,,,27.029,,,,,,,,,,,,,,,31.2316,,,,,,,,,,,12.1207,,,,,,,,,,,4.9497,,,,,,,,,,,,,,,,,,,,,,,,,,,,,,,,,,tap water,48.302
10-13-23-JI-01,Tap Water,2023-10-13 08:06:33,,-156.68143376371302,20.902094272257784,,,,,,,,9.2156,,,,,,,,,,,,,,,32.2953,,,,,,,,,,,13.6753,,,,,,,,,,,5.9481,,,,,,,,,,,,,,,,,,,,,,,,,,,,,,,,,,tap water,51.9187
10-13-23-JI-02,Tap Water,2023-10-13 08:29:33,,-156.68461500274628,20.902166007881387,,,,,,,,22.6879,,,,,,,,,,,,,,,33.9222,,,,,,,,,,,14.0872,,,,,,,,,,,5.8573,,,,,,,,,,,,,,,,,,,,,,,,,,,,,,,,,,tap water,53.866699999999994
10-13-23-JI-03,Tap Water,2023-10-13 08:48:55,,-156.68017622376328,20.889680477231938,,,,,,,,12.4882,,,,,,,,,,,,,,,18.9978,,,,,,,,,,,9.1606,,,,,,,,,,,4.8872,,,,,,,,1.1173,,,,,,,,,,,,,,,,,,,,,,,,,,tap water,34.1629
10-13-23-JI-04,Tap Water,2023-10-13 09:31:20,,-156.66492307717476,20.8886581449537,,,,,,,,18.9793,,,,,,,,,,,,,,,5.631,,,,,,,,,,,5.0128,,,,,,,,,,,3.5476,,,,,,,,,,,,,,,,,,,,,,,,,,,,,,,,,,tap water,14.191400000000002
10-13-23-JI-05,Tap Water,2023-10-13 09:33:15,,-156.66708403786572,20.88576825580451,,,,,,,,11.5275,,,,,,,,,,,,,,,4.7656,,,,,,,,,,,4.3663,,,,,,,,,,,3.1317,,,,,,,,,,,,,,,,,,,,,,,,,,,,,,,,,,tap water,12.2636
10-17-KDP-1,Tap Water,2023-10-17 14:33:05,,-156.31283168293447,20.764973730733583,,,,,,,,8.9909,,,,,,,,,,,,,,,51.3046,,,,,,,,,,,3.4492,,,,,,,,,,,,,,,,,,,,,,,,,,,,,,,,,,,,,,,,,,,,,tap water,54.7538
10-17-KDP-2,Tap Water,2023-10-17 14:48:25,,-156.30807038054476,20.762278250749475,,,,,,,,2.8073,,,,,,,,,,,,,,,4.4091,,,,,,,,,,,,,,,,,,,,,,,,,,,,,,,,,,,,,,,,,,,,,,,,,,,,,,,,tap water,4.4091
10-17-JES-01,Tap Water,2023-10-17 16:12:51,,-156.68039317414053,20.901475039386153,,,,,,,,4.7825,,,,,,,,,,,,,,,29.7458,,,,,,,,,1.4979,,9.7713,,,,,,,,,,,5.8474,,,,,,,,3.7752,,,,,,,,,,,,,,,,,,,,,,,,,,tap water,49.139700000000005
10-17-KDP-4,Tap Water,2023-10-17 16:34:05,,-156.30194013053324,20.76569352095199,,,,,,,,9.4004,,,,,,,,,,,,,,,1.9854,,,,,,,,,,,,,,,,,,,,,,,,,,,,,,,,,,,,,,,,,,,,,,,,,,,,,,,,tap water,1.9854
10-17-JES-03,Tap Water,2023-10-17 17:18:14,,-156.67906272495645,20.898897751888537,,,,,,,,2.8262,,,,,,,,,,,,,,,46.1866,,,,,,,,,,,15.5686,,,,,,,,,,,6.3463,,,,,,,,,,,,,,,,,,,,,,,,,,,,,,,,,,tap water,68.1015
10-17-JES-04,Tap Water,2023-10-17 17:20:19,,-156.68548904839167,20.884631151217015,,,,,,,,6.7039,,,,,,,,,,,,,,,32.5913,,,,,,,,,,,11.7224,,,,,,,,,,,5.384,,,,,,,,,,,,,,,,,,,,,,,,,,,,,,,,,,tap water,49.6977
10-17-JES-06,Tap Water,2023-10-17 17:40:43,,-156.68372139716945,20.882729133423183,,,,,,,,4.4889,,,,,,,,,,,,,,,15.6639,,,,,,,,,,,8.87,,,,,,,,,,,4.9208,,,,,,,,,,,,,,,,,,,,,,,,,,,,,,,,,,tap water,29.4547
10-17-JES-07,Tap Water,2023-10-17 17:59:30,,-156.6829593480872,20.88363815581016,,,,,,,,4.6774,,,,,,,,,,,,,,,19.336,,,,,,,,,1.0,,9.3845,,,,,,,,,,,5.745,,,,,,,,2.6352,,,,,,,,,,,,,,,,,,,,,,,,,,tap water,37.1007
10-18-23-JI-01,Tap Water,2023-10-18 07:57:57,,-156.68400118499915,20.90288740209204,,,,,,,,4.5131,,,,,,,,,,,,,,,25.0274,,,,,,,,,,,12.1207,,,,,,,,,,,5.7085,,,,,,,,,,,,,,,,,,,,,,,,,,,,,,,,,,tap water,42.8566
10-18-KDP-1,Tap Water,2023-10-18 13:49:11,,-156.30353204252316,20.77196286726784,,,,,,,,4.2284,,,,,,,,,,,,,,,3.0177,,,,,,,,,,,,,,,,,,,,,,,,,,,,,,,,,,,,,,,,,,,,,,,,,,,,,,,,tap water,3.0177
10-18-KDP-2,Tap Water,2023-10-18 13:50:53,,-156.31106082471922,20.76611682821382,,,,,,,,7.4645,,,,,,,,,,,,,,,82.1658,,,,,,,,,,,7.7355,,,,,,,,,,,2.7419,,,,,,,,,,,,,,,,,,,,,,,,,,,,,,,,,,tap water,92.64320000000001
10-18-KDP-4,Tap Water,2023-10-18 14:54:20,,-156.3117550292031,20.781680125168663,,,,,,,,5.7709,,,,,,,,,,8.5058,,,,8.3645,58.3138,,,,,,,,,,,7.1575,,,,,,,,,,,1.922,,,,,,,,,,,,,,,,,,,,,,,,,,,,,,,,,,tap water,67.3933
10-18-KDP-5,Tap Water,2023-10-18 14:57:06,,-156.31384340338263,20.779280288157683,,,,,,,,,,,,,,,,,,,,,,,21.1937,,,,,,,,,,,5.5145,,,,,,,,,,,2.7956,,,,,,,,,,,,,,,,,,,,,,,,,,,,,,,,,,tap water,29.5038
10-18-KDP-6,Tap Water,2023-10-18 15:00:04,,-156.31425210243498,20.78138810033121,,,,,,,,3.9559,,,,,,,,,,,,,,,39.8413,,,,,,,,,,,9.3021,,,,,,,,,,,4.3422,,,,,,,,,,,,,,,,,,,,,,,,,,,,,,,,,,tap water,53.4856
10-18-KDP-7,Tap Water,2023-10-18 15:02:46,,-156.3143153619692,20.78011751527898,,,,,,,,1.8116,,,,,,,,,,,,,,,36.9361,,,,,,,,,,,7.8382,,,,,,,,,,,3.5638,,,,,,,,,,,,,,,,,,,,,,,,,,,,,,,,,,tap water,48.338100000000004
10-20-23-JI-01,Tap Water,2023-10-20 20:30:35,,-156.68169169862784,20.902865441963037,,,,,,,,,,,,,,,,,,,,,,,21.0881,,,,,,,,,,,15.4994,,,,,,,,,,,17.7881,,,,,,,,17.0278,,,,,,,,,,,,,,,,,,,,,,,,,,tap water,71.4034
10-20-23-JI-02,Tap Water,2023-10-20 20:35:54,,-156.68185357670575,20.902394769467072,,,,,,,,2.7578,,,,,,,,,,,,,,,12.7804,,,,,,,,,,,8.8094,,,,,,,,,,,10.3383,,,,,,,,12.0497,,,,,,,,,,,,,,,,,,,,,,,,,,tap water,43.9778
10-20-23-JI-05,Tap Water,2023-10-20 20:38:41,,-156.681975195232,20.90111397053499,,,,,,,,,,,,,,,,,,,,,,,18.7933,,,,,,,,,,,11.7328,,,,,,,,,,,10.8566,,,,,,,,8.4112,,,,,,,,,,,,,,,,,,,,,,,,,,tap water,49.793899999999994
10-20-CKS-1,Tap Water,2023-10-20 22:02:18,,-156.31301573139146,20.937117382483244,,,,,,,,,,,,,,,,,,,,,,,,,,,,,,,,,,,,,,,,,,,,,,,,,,,,,,,,,,,,,,,,,,,,,,,,,,,,,,,tap water,0.0
10-21-23-JI-01,Tap Water,2023-10-21 08:15:31,,-156.67906994387943,20.898868140122616,,,,,,,,,,,,,,,,,,,,,,,21.1567,,,,,,,,,,,15.83,,,,,,,,,,,21.9922,,,,,,,,22.4247,,,,,,,,,,,,,,,,,,,,,,,,,,tap water,81.4036
10-24-KDP-1,Tap Water,2023-10-24 12:56:48,,-156.31262925250118,20.758160722854463,,,,,,,,5.4863,,,,,,,,,,,,,,,2.7621,,,,,,,,,,,,,,,,,,,,,,,,,,,,,,,,,,,,,,,,,,,,,,,,,,,,,,,,tap water,2.7621
10-24-KDP-2,Tap Water,2023-10-24 13:06:01,,-156.30899801134012,20.753626288819095,,,,,,,,8.2125,,,,,,,,,,,,,,,2.915,,,,,,,,,,,,,,,,,,,,,,,,,,,,,,,,,,,,,,,,,,,,,,,,,,,,,,,,tap water,2.915
10-24-KDP-3,Tap Water,2023-10-24 13:35:10,,-156.3083607287756,20.758869985114284,,,,,,,,6.3227,,,,,,,,,,,,,,,3.1189,,,,,,,,,,,,,,,,,,,,,,,,,,,,,,,,,,,,,,,,,,,,,,,,,,,,,,,,tap water,3.1189
10-24-KDP-4,Tap Water,2023-10-24 14:08:36,,-156.312991443601,20.75291105362662,,,,,,,,9.6142,,,,,,,,,,,,,,,2.4956,,,,,,,,,,,,,,,,,,,,,,,,,,,,,,,,,,,,,,,,,,,,,,,,,,,,,,,,tap water,2.4956
10-24-KDP-7,Tap Water,2023-10-24 14:34:59,,-156.31725564545113,20.75359823209621,,,,,,,,7.7057,,,,,,,,,,,,,,,2.6326,,,,,,,,,,,,,,,,,,,,,,,,,,,,,,,,,,,,,,,,,,,,,,,,,,,,,,,,tap water,2.6326
10-25-KDP-1,Tap Water,2023-10-25 12:26:21,,-156.30930128273567,20.75374677824593,,,,,,,,7.5162,,,,,,,,,,,,,,,2.3753,,,,,,,,,,,,,,,,,,,,,,,,,,,,,,,,,,,,,,,,,,,,,,,,,,,,,,,,tap water,2.3753
10-25-KDP-4,Tap Water,2023-10-25 13:32:23,,-156.31259767565606,20.777053473242944,,,,,,,,1.8573,,,,,,,,,,,,,,,1.4764,,,,,,,,,,,3.2668,,,,,,,,,,,11.0656,,,,,,,,15.9329,,,,,,,,,,,,,,,,,,,,,,,,,,tap water,31.7417
10-25-KDP-6,Tap Water,2023-10-25 13:37:20,,-156.30956637288313,20.776149281227102,,,,,,,,3.6982,,,,,,,,,,,,,,5.473,,,,,,,,,,,,,,,,,,,,,,,,,,,,,,,,,,,,,,,,,,,,,,,,,,,,,,,,,tap water,0.0
10-27-23-JI-01,Tap Water,2023-10-27 13:32:35,,-156.681066385022,20.90183033047452,,,,,,,,3.2077,,,,,,,,,,,,,,,11.4679,,,,,,,,,,,8.7178,,,,,,,,,,,10.7832,,,,,,,,13.9934,,,,,,,,,,,,,,,,,,,,,,,,,,tap water,44.9623
10-27-23-JI-02,Tap Water,2023-10-27 13:34:09,,-156.6812052465808,20.901812499689655,,,,,,,,4.529,,,,,,,,,,,,,,,12.4584,,,,,,,,,,,7.8563,,,,,,,,,,,9.183,,,,,,,,11.6125,,,,,,,,,,,,,,,,,,,,,,,,,,tap water,41.1102
10-27-23-JI-03,Tap Water,2023-10-27 19:31:38,,-156.68365426062064,20.898399971029296,,,,,,,,20.7003,,,,,,,,,,,,,,,12.2489,,,,,,,,,,,9.1404,,,,,,,,,,,10.8157,,,,,,,,13.6483,,,,,,,,,,,,,,,,,,,,,,,,,,tap water,45.8533
10-28-JES-02,Tap Water,2023-10-28 14:55:43,,-156.68107990437153,20.88290139380299,,,,,,,,3.2691,,,,,,,,,,,,,,,14.7845,,,,,,,,,,,10.4465,,,,,,,,,,,6.444,,,,,,,,1.3171,,,,,,,,,,,,,,,,,,,,,,,,,,tap water,32.9921
10-28-JES-03,Tap Water,2023-10-28 15:27:17,,-156.6693101428177,20.88791730828,,,,,,,,4.086,,,,,,,,,,,,,,,4.7989,,,,,,,,,,,4.3906,,,,,,,,,,,3.1781,,,,,,,,,,,,,,,,,,,,,,,,,,,,,,,,,,tap water,12.3676
10-28-JES-04,Tap Water,2023-10-28 15:54:03,,-156.66843190831716,20.889604597800226,,,,,,,,1.9697,,,,,,,,,,,,,,,6.3686,,,,,,,,,,,4.9493,,,,,,,,,,,3.4426,,,,,,,,,,,,,,,,,,,,,,,,,,,,,,,,,,tap water,14.7605
10-28-JES-05,Tap Water,2023-10-28 16:21:26,,-156.6651551118948,20.8848604914905,,,,,,,,4.65,,,,,,,,,,,,,,,7.1218,,,,,,,,,,,5.7559,,,,,,,,,,,3.754,,,,,,,,,,,,,,,,,,,,,,,,,,,,,,,,,,tap water,16.631700000000002
10-28-JES-06,Tap Water,2023-10-28 16:56:31,,-156.66296613330212,20.887678201266404,,,,,,,,3.8897,,,,,,,,,,,,,,,5.0787,,,,,,,,,,,4.9328,,,,,,,,,,,3.527,,,,,,,,,,,,,,,,,,,,,,,,,,,,,,,,,,tap water,13.538500000000003
10-28-JES-07,Tap Water,2023-10-28 17:21:14,,-156.68200826921228,20.900029122669658,,,,,,,,3.0989,,,,,,,,,,3.4471,,,,11.9182,13.3321,,,,,,,,,,,11.5968,,,,,,,,,,,16.122,,,,,,,,19.8299,,,,,,,,,,,,,,,,,,,,,,,,,,tap water,60.880799999999994
10-28-JES-08,Tap Water,2023-10-28 17:38:09,,-156.6800939307074,20.898475897315485,,,,,,,,3.1387,,,,,,,,,,,,,,,11.1901,,,,,,,,,,,9.4369,,,,,,,,,,,12.721,,,,,,,,16.4524,,,,,,,,,,,,,,,,,,,,,,,,,,tap water,49.800399999999996
11-6-KDP-1,Tap Water,2023-11-06 13:19:13,,-156.32390799375784,20.78819085071815,,,,,,,,7.3114,,,,,,,,,,,,,,,2.4272,,,,,,,,,,,,,,,,,,,,,,,,,,,,,,,,,,,,,,,,,,,,,,,,,,,,,,,,tap water,2.4272
11-6-KDP-2,Tap Water,2023-11-06 13:21:31,,-156.32343619946087,20.784711054640024,,,,,,,,8.2192,,,,,,,,,,,,,,,2.6238,,,,,,,,,,,,,,,,,,,,,,,,,,,,,,,,,,,,,,,,,,,,,,,,,,,,,,,,tap water,2.6238
11-6-KDP-4,Tap Water,2023-11-06 13:43:07,,-156.32606108353235,20.78853504488262,,,,,,,,9.032,,,,,,,,,,,,,,,2.5218,,,,,,,,,,,,,,,,,,,,,,,,,,,,,,,,,,,,,,,,,,,,,,,,,,,,,,,,tap water,2.5218
11-6-KDP-7,Tap Water,2023-11-06 14:40:26,,-156.32609803297194,20.762580439410925,,,,,,,,11.663,,,,,,,,,,,,,,,9.7776,,,,,,,,,,,,,,,,,,,,,,,,,,,,,,,,,,,,,,,,,,,,,,,,,,,,,,,,tap water,9.7776
11-7-KDP-1,Tap Water,2023-11-07 12:30:34,,-156.32273224470993,20.751952111334667,,,,,,,,1.9879,,,,,,,,,,,,,,,2.7639,,,,,,,,,,,,,,,,,,,,,,,,,,,,,,,,,,,,,,,,,,,,,,,,,,,,,,,,tap water,2.7639
11-7-KDP-3,Tap Water,2023-11-07 13:03:11,,-156.32613140151565,20.759823656748427,,,,,,,,13.487,,,,,,,,,,2.4612,,,,,2.9151,,,,,,,,,,,,,,,,,,,,,,,,,,,,,,,,,,,,,,,,,,,,,,,,,,,,,,,,tap water,2.9151
11-07-CKS-1,Tap Water,2023-11-07 13:09:54,,,,,,,,,,,3.4139,,,,,,,,,,,,,,,,,,,,,,,,,,,,,,,,,,,,,,,,,,,,,,,,,,,,,,,,,,,,,,,,,,,,,,,tap water,0.0
11-07-CKS-4,Tap Water,2023-11-07 13:43:02,,-156.30531766706295,20.9028009573626,,,,,,,,3.1199,,,,,,,,,,,,,,,,,,,,,,,,,,,,,,,,,,,,,,,,,,,,,,,,,,,,,,,,,,,,,,,,,,,,,,,tap water,0.0
11-07-CKS-7,Tap Water,2023-11-07 15:27:41,,-156.27970299414795,20.92263195467945,,,,,,,,5.0595,,,,,,,,,,,,,,,1.2324,,,,,,,,,,,1.5234,,,,,,,,,,,1.6201,,,,,,,,,,,,,,,,,,,,,,,,,,,,,,,,,,tap water,4.375900000000001
11-6-KDP-9,Tap Water,2023-11-07 15:51:19,,-156.31512095317322,20.78349010849984,,,,,,,,7.4016,,,,,,,,,,1.8852,,,,,22.0372,,,,,,,,,,,2.8704,,,,,,,,,,,2.5014,,,,,,,,1.2311,,,,,,,,,,,,,,,,,,,,,,,,,,tap water,28.640099999999997
11-8-KDP-1,Tap Water,2023-11-08 00:00:00,,-156.31040734521548,20.77910065744956,,,,,,,,3.6462,,,,,,,,,,,,,,,10.0321,,,,,,,,,,,3.4469,,,,,,,,,,,1.831,,,,,,,,,,,,,,,,,,,,,,,,,,,,,,,,,,tap water,15.309999999999999
11-9-23-JI-04,Tap Water,2023-11-09 10:54:23,,-156.65634454390448,21.0017881470947,,,,,,,,8.6718,,,,,,,,,,,,,,,,,,,,,,,,,,,,,,,,,,,,,,,,,,,,,1.6189,,,,,,,,,,,,,,,,,,,,,,,,,,tap water,1.6189
11-9-23-JI-03,Tap Water,2023-11-09 10:58:15,,-156.68703174071115,20.885542745546083,,,,,,,,14.6587,,,,,,,,,,,,,,,6.3552,,,,,,,,,,,6.1661,,,,,,,,,,,4.1187,,,,,,,,,,,,,,,,,,,,,,,,,,,,,,,,,,tap water,16.64
11-9-23-JI-02,Tap Water,2023-11-09 11:15:46,,-156.68321198566457,20.902361997716618,,,,,,,,10.5911,,,,,,,,,,,,,,,8.3394,,,,,,,,,,,8.7864,,,,,,,,,,,12.2509,,,,,,,,12.5281,,,,,,,,,,,,,,,,,,,,,,,,,,tap water,41.9048
11-9-KDP-1,Tap Water,2023-11-10 11:44:08,,-156.31800335988223,20.75175302453244,,,,,,,,12.1669,,,,,,,,,,,,,,,2.2131,,,,,,,,,,,,,,,,,,,,,,,,,,,,,,,,,,,,,,,,,,,,,,,,,,,,,,,,tap water,2.2131
11-9-KDP-3,Tap Water,2023-11-09 00:00:00,,-156.31748762476096,20.754508512060088,,,,,,,,13.2429,,,,,,,,,,,,,,,1.8893,,,,,,,,,,,,,,,,,,,,,,,,,,,,,,,,,,,,,,,,,,,,,,,,,,,,,,,,tap water,1.8893
11-9-KDP-4,Tap Water,2023-11-09 00:00:00,,-156.3097595378688,20.775776867514814,,,,,,,,,,,,,,,,,,,,,,,1.9301,,,,,,,,,,,4.6227,,,,,,,,,,,10.1896,,,,,,,,10.0844,,,,,,,,,,,,,,,,,,,,,,,,,,tap water,26.826800000000002
11-9-KDP-5,Tap Water,2023-11-09 00:00:00,,-156.3068545174662,20.775510460135475,,,,,,,,7.2337,,,,,,,,,,,,,,13.6146,,,,,,,,,,,,,,,,,,,,,,,,,,,,,,,,,,,,,,,,,,,,,,,,,,,,,,,,,tap water,0.0
11-13-23-JI-14,Tap Water,2023-11-13 14:40:20,,-156.68298921099358,20.88190459226162,,,,,,,,15.7217,,,,,,,,,,,,,,,14.4605,,,,,,,,,,,5.0057,,,,,,,,,,,6.6987,,,,,,,,9.6161,,,,,,,,,,,,,,,,,,,,,,,,,,tap water,35.781
11-13-23-JI-13,Tap Water,2023-11-13 14:40:20,,-156.68252245395703,20.88243836177149,,,,,,,,24.3209,,,,,,,,,,,,,,,13.9942,,,,,,,,,,,5.0529,,,,,,,,,,,7.3269,,,,,,,,9.3389,,,,,,,,,,,,,,,,,,,,,,,,,,tap water,35.7129
11-13-23-JI-11,Tap Water,2023-11-13 14:43:43,,-156.68194375085477,20.880989891754123,,,,,,,,2.8162,,,,,,,,,,,,,,,15.8359,,,,,,,,,,,11.7395,,,,,,,,,,,10.9405,,,,,,,,1.4986,,,,,,,,,,,,,,,,,,,,,,,,,,tap water,40.0145
11-13-23-JI-10,Tap Water,2023-11-13 14:48:12,,-156.68607770116304,20.884956323958537,,,,,,,,26.3369,,,,,,,,,,,,,,,15.8317,,,,,,,,,,,8.3858,,,,,,,,,,,3.8951,,,,,,,,,,,,,,,,,,,,,,,,,,,,,,,,,,tap water,28.1126
11-13-23-JI-09,Tap Water,2023-11-13 14:48:12,,-156.6833469070377,20.8825294433524,,,,,,,,49.548,,,,,,,,,,,,,,,17.1689,,,,,,,,,,,9.3445,,,,,,,,,,,5.0404,,,,,,,,,,,,,,,,,,,,,,,,,,,,,,,,,,tap water,31.553800000000003
11-13-23-JI-08,Tap Water,2023-11-13 14:50:53,,-156.68394646557624,20.881184647863886,,,,,,,,32.6738,,,,,,,,,,,,,,,14.4473,,,,,,,,,,,7.9376,,,,,,,,,,,3.6611,,,,,,,,,,,,,,,,,,,,,,,,,,,,,,,,,,tap water,26.046
11-13-23-JI-07,Tap Water,2023-11-13 14:50:53,,-156.68301848053454,20.88485904740518,,,,,,,,38.2767,,,,,,,,,,,,,,,17.9509,,,,,,,,,,,9.5965,,,,,,,,,,,4.9225,,,,,,,,,,,,,,,,,,,,,,,,,,,,,,,,,,tap water,32.4699
11-13-23-JI-06,Tap Water,2023-11-13 14:53:20,,-156.68294153232796,20.881424094340503,,,,,,,,19.4612,,,,,,,,,,,,,,,15.8293,,,,,,,,,,,8.9475,,,,,,,,,,,4.499,,,,,,,,,,,,,,,,,,,,,,,,,,,,,,,,,,tap water,29.2758
11-13-23-JI-05,Tap Water,2023-11-13 14:53:20,,-156.68552912288587,20.88179674265045,,,,,,,,38.9349,,,,,,,,,,,,,,,17.374,,,,,,,,,,,10.0366,,,,,,,,,,,4.9554,,,,,,,,,,,,,,,,,,,,,,,,,,,,,,,,,,tap water,32.366
11-13-23-JI-04,Tap Water,2023-11-13 14:55:34,,-156.68599499688358,20.88122564552739,,,,,,,,22.6407,,,,,,,,,,,,,,,16.212,,,,,,,,,,,8.8388,,,,,,,,,,,4.4607,,,,,,,,,,,,,,,,,,,,,,,,,,,,,,,,,,tap water,29.5115
11-13-23-JI-03,Tap Water,2023-11-13 14:55:34,,-156.68457033412594,20.88125663984777,,,,,,,,19.2369,,,,,,,,,,,,,,,10.0519,,,,,,,,,,,4.583,,,,,,,,,,,1.9763,,,,,,,,,,,,,,,,,,,,,,,,,,,,,,,,,,tap water,16.6112
11-13-23-JI-02,Tap Water,2023-11-13 14:57:55,,-156.68727658234863,20.884535808980218,,,,,,,,13.4251,,,,,,,,,,,,,,,15.2334,,,,,,,,,,,8.3176,,,,,,,,,,,4.1597,,,,,,,,,,,,,,,,,,,,,,,,,,,,,,,,,,tap water,27.7107
11-13-23-JI-01,Tap Water,2023-11-13 14:57:55,,-156.6874546200061,20.88105434293577,,,,,,,,10.2664,,,,,,,,,,,,,,,15.6311,,,,,,,,,,,8.3939,,,,,,,,,,,4.2185,,,,,,,,,,,,,,,,,,,,,,,,,,,,,,,,,,tap water,28.2435
11-15-KDP-1,Tap Water,2023-11-15 16:22:28,,-156.31700730516388,20.75434683758047,,,,,,,,8.5782,,,,,,,,,,,,,,,2.692,,,,,,,,,,,,,,,,,,,,,,,,,,,,,,,,,,,,,,,,,,,,,,,,,,,,,,,,tap water,2.692
11-15-KDP-3,Tap Water,2023-11-15 16:25:06,,-156.32299628288163,20.74301063201787,,,,,,,,6.8455,,,,,,,,,,,,,,1.1177,1.4523,,,,,,,,,,,,,,,,,,,,,,,,,,,,,,,,,,,,,,,,,,,,,,,,,,,,,,,,tap water,1.4523
11-15-KDP-5,Tap Water,2023-11-15 16:54:51,,-156.31707530955865,20.738581951927504,,,,,,,,9.5617,,,,,,,,,,,,,,,1.2393,,,,,,,,,,,,,,,,,,,,,,,,,,,,,,,,,,,,,,,,,,,,,,,,,,,,,,,,tap water,1.2393
11-15-KDP-7,Tap Water,2023-11-15 17:15:59,,-156.31313051246153,20.74061863129598,,,,,,,,26.8271,,,,,,,,,,,,,,,8.7925,,,,,,,,,,,,,,,,,,,,,,,,,,,,,,,,,,,,,,,,,,,,,,,,,,,,,,,,tap water,8.7925
11-15-KDP-8,Tap Water,2023-11-15 18:19:56,,-156.30763775184525,20.74636901164404,,,,,,,,6.4334,,,,,,,,,,,,,,,2.2724,,,,,,,,,,,,,,,,,,,,,,,,,,,,,,,,,,,,,,,,,,,,,,,,,,,,,,,,tap water,2.2724
11-16-KDP-1,Tap Water,2023-11-16 13:36:11,,-156.317138135514,20.750734464489135,,,,,,,,4.2212,,1.3282,,,,,,,,,,,,3.4294,1.7626,,,,,,,,,,,,,,,,,,,,,,,,,,,,,,,,,,,,,,,,,,,,,,,,,,,,,,,,tap water,1.7626
11-16-KDP-3,Tap Water,2023-11-16 13:38:35,,-156.31405404613272,20.747450841091304,,,,,,,,24.5002,,,,,,1.4925,,,,,,,,,3.2456,,,,,,,,,,,,,,,,,,,,,,,,,,,,,,,,,,,,,,,,,,,,,,,,,,,,,,,,tap water,3.2456
11-16-KDP-4,Tap Water,2023-11-17 06:54:24,,-156.31574294578442,20.747880736152347,,,,,,,,7.4412,,,,,,,,,,8.1376,,,,31.956,2.1532,,,,,,,,,,,,,,,,,,,,,,,,,,,,,,,,,,,,,,,,,,,,,,,,,,,,,,,,tap water,2.1532
11-16-KDP-5,Tap Water,2023-11-17 07:00:47,,-156.31735237803235,20.74964675711479,,,,,,,,44.0985,,,,,,,,,,,,,,,17.4029,,,,,,,,,,,,,,,,,,,,,,,,,,,,,,,,,,,,,,,,,,,,,,,,,,,,,,,,tap water,17.4029
11-16-KDP-6,Tap Water,2023-11-17 07:12:04,,-156.31715970292606,20.740310533357633,,,,,,,,6.6599,,,,,,,,,,,,,,,1.8918,,,,,,,,,,,,,,,,,,,,,,,,,,,,,,,,,,,,,,,,,,,,,,,,,,,,,,,,tap water,1.8918
11-17-23-JI-04,Tap Water,2023-11-17 10:04:32,,-156.6855128676957,20.884014314385624,,,,,,,,63.6334,,,,,,,,,,,,,,,17.0808,,,,,,,,,,,7.5778,,,,,,,,,,,4.0408,,,,,,,,,,,,,,,,,,,,,,,,,,,,,,,,,,tap water,28.6994
11-17-23-JI-03,Tap Water,2023-11-17 10:04:32,,-156.68408098234232,20.883448517100337,,,,,,,,121.9508,,,,,,,,,,,,,,,15.2015,,,,,,,,,,,10.1336,,,,,,,,,,,8.8761,,,,,,,,6.3945,,,,,,,,,,,,,,,,,,,,,,,,,,tap water,40.6057
11-17-23-JI-01,Tap Water,2023-11-17 10:06:39,,-156.67912605400338,20.898325267413004,,,,,,,,146.8591,,,,,,,,,,,,,,,9.0108,,,,,,,,,,,10.0021,,,,,,,,,,,11.8508,,,,,,,,9.3464,,,,,,,,,,,,,,,,,,,,,,,,,,tap water,40.2101
11-17-23-JI-06,Tap Water,2023-11-17 14:44:34,,-156.68199963311,20.90155394261861,,,,,,,,94.0295,,,,,,,,,,,,,,,9.795,,,,,,,,,,,10.5668,,,,,,,,,,,12.4982,,,,,,,,9.9314,,,,,,,,,,,,,,,,,,,,,,,,,,tap water,42.7914
11-17-23-JI-05,Tap Water,2023-11-17 14:44:34,,-156.6814846425631,20.898976859790498,,,,,,,,87.3998,,,,,,,,,,,,,,,10.3589,,,,,,,,,,,11.9012,,,,,,,,,,,17.344,,,,,,,,18.2544,,,,,,,,,,,,,,,,,,,,,,,,,,tap water,57.8585
11-18-23-JI-08,Tap Water,2023-11-18 11:46:01,,-156.68345801481888,20.881108552929028,,,,,,,,65.0565,,,,,,,,,,,,,,,10.1347,,,,,,,,,,,4.4659,,,,,,,,,,,2.6006,,,,,,,,,,,,,,,,,,,,,,,,,,,,,,,,,,tap water,17.2012
11-18-23-JI-15,Tap Water,2023-11-18 11:50:20,,-156.6789314702181,20.90252992471373,,,,,,,,79.2912,,,,,,,,,,,,,,,9.6291,,,,,,,,,,,8.9628,,,,,,,,,,,9.6658,,,,,,,,5.8502,,,,,,,,,,,,,,,,,,,,,,,,,,tap water,34.1079
11-18-23-JI-12,Tap Water,2023-11-18 11:55:56,,-156.68171813389154,20.899447836466702,,,,,,,,69.3108,,,,,,,,,,,,,,,10.5367,,,,,,,,,,,9.1363,,,,,,,,,,,8.4203,,,,,,,,7.0818,,,,,,,,,,,,,,,,,,,,,,,,,,tap water,35.1751
11-18-23-JI-01,Tap Water,2023-11-18 12:01:44,,-156.66638902065597,20.887035685616045,,,,,,,,9.3763,,,,,,,,,,,,,,,1.9829,,,,,,,,,,,,,,,,,,,,,,,,,,,,,,,,,,,,,,,,,,,,,,,,,,,,,,,,tap water,1.9829
11-18-23-JI-07,Tap Water,2023-11-18 12:01:44,,-156.66903849654574,20.883364875903215,,,,,,,,145.5361,,,,,,,,,,,,,,,43.1212,,,,,,,,,,,10.1152,,,,,,,,,,,3.0972,,,,,,,,,,,,,,,,,,,,,,,,,,,,,,,,,,tap water,56.333600000000004
11-18-23-JI-03,Tap Water,2023-11-18 12:22:31,,-156.67906979884688,20.899120214122483,,,,,,,,63.9142,,,,,,,,,,,,,,,9.3562,,,,,,,,,,,8.7816,,,,,,,,,,,8.7508,,,,,,,,5.2447,,,,,,,,,,,,,,,,,,,,,,,,,,tap water,32.1333
11-21-KDP-1,Tap Water,2023-11-21 00:00:00,,,,,,,,,,,83.6296,,,,,,,,,,,,,,,1.2905,,,,,,,,,,,,,,,,,,,,,,,,,,,,,,,,,,,,,,,,,,,,,,,,,,,,,,,,tap water,1.2905
11-21-KDP-2,Tap Water,2023-11-21 00:00:00,,-156.32305592454654,20.733098382894884,,,,,,,,8.2131,,,,,,,,,,,,,,,1.2389,,,,,,,,,,,,,,,,,,,,,,,,,,,,,,,,,,,,,,,,,,,,,,,,,,,,,,,,tap water,1.2389
11-21-KDP-4,Tap Water,2023-11-21 00:00:00,,-156.32857290037776,20.737829531420893,,,,,,,,48.5145,,,,,,,,,,,,,,,1.3178,,,,,,,,,,,,,,,,,,,,,,,,,,,,,,,,,,,,,,,,,,,,,,,,,,,,,,,,tap water,1.3178
11-22-KDP-1,Tap Water,2023-11-22 00:00:00,,-156.32641889828236,20.73899895798811,,,,,,,,66.0209,,,,,,,,,,,,,,,1.6202,,,,,,,,,,,,,,,,,,,,,,,,,,,,,,,,,,,,,,,,,,,,,,,,,,,,,,,,tap water,1.6202
11-22-KDP-2,Tap Water,2023-11-22 00:00:00,,-156.32839275433298,20.738068932323905,,,,,,,,26.891,,,,,,,,,,,,,,,1.386,,,,,,,,,,,,,,,,,,,,,,,,,,,,,,,,,,,,,,,,,,,,,,,,,,,,,,,,tap water,1.386
11-22-KDP-4,Tap Water,2023-11-22 00:00:00,,-156.30432752353053,20.76108513169053,3.332,,,,,,,48.9594,,1.5851,,,,,,,,3.1595,,,,1.0136,2.9985,,,,,,,,,,,,,,,,,,,,,,,,,,,,,,,,,,,,,,,,,,,,,,,,,,,,,,,,tap water,2.9985
12-8-KDP-1,Tap Water,2023-12-08 15:27:52,,-156.32606622261085,20.74051157084245,,,,,,,,6.4859,,,,,,,,,,1.964,,,,,2.716,,,,,,,,,,,,,,,,,,,,,,,,,,,,,,,,,,,,,,,,,,,,,,,,,,,,,,,,tap water,2.716
12-8-KDP-2,Tap Water,2023-12-08 16:09:24,,-156.32844968837748,20.78623687971287,,,,,,,,5.5471,,,,,,,,,,2.0961,,,,,2.193,,,,,,,,,,,,,,,,,,,,,,,,,,,,,,,,,,,,,,,,,,,,,,,,,,,,,,,,tap water,2.193
12-4-KDP-1,Tap Water,2023-12-08 22:22:31,,-156.31010316015275,20.775549491571805,,,,,,,,4.9246,,,,,,,,,,,,,,,31.0698,,,,,,,,,,,5.1432,,,,,,,,,,,1.4889,,,,,,,,,,,,,,,,,,,,,,,,,,,,,,,,,,tap water,37.7019
12-6-KDP-1,Tap Water,2023-12-08 22:24:49,,-156.30781923610638,20.77524692350514,,,,,,,,1.9807,,,,,,,,,,,,,,,18.8322,,,,,,,,,,,2.663,,,,,,,,,,,,,,,,,,,,,,,,,,,,,,,,,,,,,,,,,,,,,tap water,21.4952
12-8-KDP-4,Tap Water,2023-12-08 22:32:40,,-156.32589781987463,20.786262441131303,,,,,,,,5.8998,,,,,,,,,,2.4563,,,,,2.5564,,,,,,,,,,,,,,,,,,,,,,,,,,,,,,,,,,,,,,,,,,,,,,,,,,,,,,,,tap water,2.5564
12-8-KDP-8,Tap Water,2023-12-08 22:39:22,,-156.3259791578217,20.790429589090618,,,,,,,,7.6464,,,,,,,,,,,,,,,3.0004,,,,,,,,,,,,,,,,,,,,,,,,,,,,,,,,,,,,,,,,,,,,,,,,,,,,,,,,tap water,3.0004
12-12-23-JI-02,Tap Water,2023-12-12 09:11:03,,-156.6865934185351,20.882429058805403,,,,,,,,106.3395,,,,,,,,,,,,,,,6.6138,,,,,,,,,,,5.2137,,,,,,,,,,,3.3696,,,,,,,,,,,,,,,,,,,,,,,,,,,,,,,,,,tap water,15.197100000000002
12-13-23-JI-02,Tap Water,2023-12-13 13:55:35,,-156.68464637699097,20.884503013724675,,,,,,,,68.3729,,,,,,,,,,,,,,,11.6138,,,,,,,,,,,8.1751,,,,,,,,,,,5.1171,,,,,,,,1.1941,,,,,,,,,,,,,,,,,,,,,,,,,,tap water,26.100099999999998
12-13-23-JI-03,Tap Water,2023-12-13 13:57:42,,-156.67832183521767,20.884886966116035,,1.6691,,,,,,91.5264,,,,,,,,,,,,,,,14.5194,,,,,,,,,1.0689,,4.6318,,,,,,,,,,,3.5132,,,,,,,,9.6623,,,,,,,,,,,,,,,,,,,,,,,,,,tap water,32.3267
12-14-23-JI-01,Tap Water,2023-12-14 11:04:58,,-156.68547943784895,20.951692751466584,,,,,,,,75.4725,,,,,,,,,,,,,,,,,,,,,,,,,,,,,,,,,,,,,1.6961,,,,,,,,16.1471,,,,,,,,,,,,,,,,,,,,,,,,,,tap water,17.8432
12-14-23-JI-02,Tap Water,2023-12-14 11:07:02,,-156.6660924488119,20.884011497289315,,,,,,,,74.0075,,,,,,,,,,3.005,,,,,12.7838,,,,,,,,,,,3.5263,,,,,,,,,,,1.37,,,,,,,,,,,,,,,,,,,,,,,,,,,,,,,,,,tap water,17.6801
12-28-23-JI-02,Tap Water,2023-12-29 15:06:58,,-156.68650375948323,20.879288877318764,,,,,,,,35.7211,,,,,,,,,,6.8379,,,,5.7213,46.6734,,,,,,,,,,,14.2597,,,,,,,,,,,5.1963,,,,,,,,1.3992,,,,,,,,,,,,,,,,,,,,,,,,,,tap water,67.5286
12-28-23-JI-07,Tap Water,2023-12-29 15:18:22,,-156.68252453841032,20.898179154387744,,,,,,,,26.2868,,,,,,,,,,,,,,,31.4676,,,,,,,,,,,12.1955,,,,,,,,,,,5.423,,,,,,,,1.3856,,,,,,,,,,,,,,,,,,,,,,,,,,tap water,50.4717
01-03-KDP-2,Tap Water,2024-01-03 02:15:00,,-156.3154580324064,20.7785126893887,,,,,,,,7.273,,,,,,,,,,,,,,,33.3143,,,,,,,,,,,2.9064,,,,,,,,,,,,,,,,,,,,,,,,,,,,,,,,,,,,,,,,,,,,,tap water,36.2207
01-04-KDP-1,Tap Water,2024-01-04 04:45:00,,-156.31060399852177,20.773586377924772,,,,,,,,3.6465,,,,,,,,,,,,,,,53.5779,,,,,,,,,,,4.8475,,,,,,,,,,,1.8328,,,,,,,,,,,,,,,,,,,,,,,,,,,,,,,,,,tap water,60.2582
01-04-KDP-3,Tap Water,2024-01-04 23:15:58,,-156.30770574513326,20.77255718038743,,,,,,,,12.4937,,,,,,,,,,,,,,,2.8865,,,,,,,,,,,,,,,,,,,,,,,,,,,,,,,,,,,,,,,,,,,,,,,,,,,,,,,,tap water,2.8865
01-04-KDP-4,Tap Water,2024-01-04 23:16:58,,-156.304289389271,20.775802441876593,,,,,,,,10.9364,,,,,,,,,,,,,,,2.1174,,,,,,,,,,,,,,,,,,,,,,,,,,,,,,,,,,,,,,,,,,,,,,,,,,,,,,,,tap water,2.1174
01-04-KDP-5,Tap Water,2024-01-04 23:17:58,,-156.3088539870977,20.77561391546407,,,,,,,,11.9606,,,,,,,,,,,,,,,2.0572,,,,,,,,,,,,,,,,,,,,,,,,,,,,,,,,,,,,,,,,,,,,,,,,,,,,,,,,tap water,2.0572
01-04-KDP-6,Tap Water,2024-01-04 23:18:58,,-156.30733126026462,20.772157589757267,,,,,,,,11.0113,,,,,,,,,,,,,,,1.3474,,,,,,,,,,,,,,,,,,,,,,,,,,,,,,,,,,,,,,,,,,,,,,,,,,,,,,,,tap water,1.3474
01-19-KDP-02,Tap Water,2024-01-19 00:00:00,,-156.27857049187793,20.821518359839377,,,,,,,,17.8211,,,,,,,,,,,,,,,2.5941,,,,,,,,,,,,,,,,,,,,,,,,,,,,,,,,,,,,,,,,,,,,,,,,,,,,,,,,tap water,2.5941
01-19-KDP-03,Tap Water,2024-01-19 00:00:00,,-156.28810277563153,20.83822363755598,,,,,,,,10.7805,,,,,,,,,,,,,,,26.3917,,,,,,,,,,,1.7121,,,,,,,,,,,,,,,,,,,,,,,,,,,,,,,,,,,,,,,,,,,,,tap water,28.1038
01-19-KDP-05,Tap Water,2024-01-19 00:00:00,,-156.2876002870354,20.837863769504473,,,,,,,,8.0895,,,,,,,,,,,,,,,72.2637,,,,,,,,,,,3.9523,,,,,,,,,,,,,,,,,,,,,,,,,,,,,,,,,,,,,,,,,,,,,tap water,76.216
01-19-KDP-07,Tap Water,2024-01-19 00:00:00,,-156.2895142505127,20.84028669720903,,,,,,,,11.5702,,,,,,,,,,,,,,,42.3325,,,,,,,,,,,3.395,,,,,,,,,,,,,,,,,,,,,,,,,,,,,,,,,,,,,,,,,,,,,tap water,45.727500000000006
01.26.KDP.02,Tap Water,2024-01-26 00:00:00,,-156.30992080669097,20.770127260359228,,,,,,,,13.5666,,,,,,,,,,,,,,,2.3864,,,,,,,,,,,,,,,,,,,,,,,,,,,,,,,,,,,,,,,,,,,,,,,,,,,,,,,,tap water,2.3864
01.26.KDP.03,Tap Water,2024-01-26 00:00:00,,-156.31504040603252,20.78241133938957,,,,,,,,15.4965,,,,,,,,,,,,,,,32.0745,,,,,,,,,,,2.1875,,,,,,,,,,,,,,,,,,,,,,,,,,,,,,,,,,,,,,,,,,,,,tap water,34.262
01.26.KDP.05,Tap Water,2024-01-26 00:00:00,,-156.3283494552629,20.76086654449068,,,,,,,,10.3418,,,,,,,,,,,,,,,2.2812,,,,,,,,,,,,,,,,,,,,,,,,,,,,,,,,,,,,,,,,,,,,,,,,,,,,,,,,tap water,2.2812
02-02-KDP-01,Tap Water,2024-02-02 00:00:00,,-156.29549771277263,20.824757203345087,,,,,,,,30.7675,,,,,,,,,,11.9443,,,,4.2593,14.1576,,,,,,,,,,,2.1692,,,,,,,,,,,,,,,,,,,,,,,,,,,,,,,,,,,,,,,,,,,,,tap water,16.3268
02-02-KDP-03,Tap Water,2024-02-02 00:00:00,,-156.33031985224562,20.82214310024373,,,,,,,,29.0611,,,,,,,,,,,,,,,65.6697,,,,,,,,,,,7.2363,,,,,,,,,,,,,,,,,,,,,,,,,,,,,,,,,,,,,,,,,,,,,tap water,72.906
02-02-KDP-04,Tap Water,2024-02-02 00:00:00,,-156.33710125455713,20.84226120726345,,,,,,,,16.3557,,,,,,,,,,,,,,1.0283,15.7621,,,,,,,,,,,6.368,,,,,,,,,,,4.4943,,,,,,,,1.3927,,,,,,,,,,,,,,,,,,,,,,,,,,tap water,28.0171
02-01-24-JI-01,Tap Water,2024-02-14 08:53:57,,-156.68285460836933,20.89629890947469,,,,,,,,222.4879,,,,,,,,,,,,,,4.2433,,,,,,,,,,,,,,,,,,,,,,,,,,,,,,,,,,,,,,,,,,,,,,,,,,,,,,,,,tap water,0.0
02-13-24-JI-01,Tap Water,2024-02-14 09:06:30,,-156.68781037909775,20.92206797036261,,,,,,,,42.6607,,,,,,,,,,,,,,,,,,,,,,,,,,,,,,,,,,,,,,,,,,,,,9.8007,,,,,,,,,,,,,,,,,,,,,,,,,,tap water,9.8007
02-15-24-JI-01,Tap Water,2024-02-15 15:30:24,,-156.66535798134885,20.997985386000636,,,,,,,,18.5893,,,,,,,,,,,,,,,,,,,,,,,,,,,,,,,,,,,,,,,,,,,,,3.8392,,,,,,,,,,,,,,,,,,,,,,,,,,tap water,3.8392
02-15-24-JI-02,Tap Water,2024-02-15 15:36:49,,-156.67989645572797,20.97351783992957,,,,,,,,30.3059,,,,,,,,,,,,,,,,,,,,,,,,,,,,,,,,,,,,,,,,,,,,,3.1567,,,,,,,,,,,,,,,,,,,,,,,,,,tap water,3.1567
02-15-24-JI-04,Tap Water,2024-02-15 15:42:08,,-156.687491110012,20.952418916043403,,,,,,,,135.6055,,,,,,,,,,,,,,1.0728,9.7184,,,,,,,,,,,6.3924,,,,,,,,,,,2.8779,,,,,,,,,,,,,,,,,,,,,,,,,,,,,,,,,,tap water,18.9887
02-15-24-JI-05,Tap Water,2024-02-15 15:43:53,,-156.69327454479568,20.93822744795824,,,,,,,,57.6807,,,,,,,,,,,,,,,,,,,,,,,,,,,,,,,,,,,,,,,,,,,,,3.7098,,,,,,,,,,,,,,,,,,,,,,,,,,tap water,3.7098
02-15-24-JI-07,Tap Water,2024-02-15 16:19:13,,-156.67402900150844,20.870390073150404,,,,,,,,54.9738,,,,,,,,,,,,,,,12.9917,,,,,,,,,,,8.4324,,,,,,,,,,,4.0616,,,,,,,,,,,,,,,,,,,,,,,,,,,,,,,,,,tap water,25.4857
02-15-24-JI-08,Tap Water,2024-02-15 16:20:49,,-156.68238686828457,20.904075590038826,,,,,,,,130.0185,,,,,,,,,,10.9188,,,,21.3129,15.9962,,,,,,,,,,,9.8964,,,,,,,,,,,4.5387,,,,,,,,,,,,,,,,,,,,,,,,,,,,,,,,,,tap water,30.4313
02-15-24-JI-09,Tap Water,2024-02-15 16:21:56,,-156.68553687013454,20.904532990914433,,,,,,,,64.0366,,,,,,,,,,,,,,,14.6579,,,,,,,,,,,9.1268,,,,,,,,,,,4.1161,,,,,,,,,,,,,,,,,,,,,,,,,,,,,,,,,,tap water,27.900799999999997
2-22-CKS-1,Tap Water,2024-02-22 10:43:49,,-156.47767786575093,20.89176243068539,,,,,,,,20.3834,,,,,,,,,,2.0299,,,,,1.4451,,,,,,,,,,,2.69,,,,,,,,,,,5.0437,,,,,,,,4.6441,,,,,,,,,,,,,,,,,,,,,,,,,,tap water,13.8229
03-09-KDP-01,Tap Water,2024-03-09 13:50:00,,-156.33390876228992,20.78054168133833,,,,,,,,6.9276,,,,,,,,,,,,,,,42.8943,,,,,,,,,,,4.3879,,,,,,,,,,,,,,,,,,,,,,,,,,,,,,,,,,,,,,,,,,,,,tap water,47.2822
03-11-KDP-01,Tap Water,2024-03-11 09:23:00,,-156.30756458974955,20.778221129295513,,,,,,,,6.0619,,,,,,,,,,,,,,1.2831,6.1464,,,,,,,,,,,,,,,,,,,,,,,,,,,,,,,,,,,,,,,,,,,,,,,,,,,,,,,,tap water,6.1464
03-11-KDP-04,Tap Water,2024-03-11 09:23:00,,-156.33309557430013,20.793144550303506,,,,,,,,8.9198,,,,,,,,,,,,,,,55.4868,,,,,,,,,,,5.1051,,,,,,,,,,,,,,,,,,,,,,,,,,,,,,,,,,,,,,,,,,,,,tap water,60.5919
03-11-24-JI-01,Tap Water,2024-03-11 11:31:06,,-156.68603736182752,20.88192582580181,,,,,,,,56.2946,,,,,,,,,,,,,,,11.8033,,,,,,,,,,,7.0802,,,,,,,,,,,4.9391,,,,,,,,1.258,,,,,,,,,,,,,,,,,,,,,,,,,,tap water,25.0806
03-11-24-02-JI,Tap Water,2024-03-11 11:42:47,,-156.68371229266145,20.885024941174667,,,,,,,,46.5322,,,,,,,,,,,,,,,11.9277,,,,,,,,,,,7.6614,,,,,,,,,,,5.1763,,,,,,,,1.37,,,,,,,,,,,,,,,,,,,,,,,,,,tap water,26.135400000000004
03-20-CDS-01,Tap Water,2024-03-20 10:50:02,,-156.68500005269036,20.881677554467608,,,,,,,,31.5283,,,,,,,,,,2.4416,,,,,13.7614,,,,,,,,,,,4.3442,,,,,,,,,,,4.557,,,,,,,,5.1633,,,,,,,,,,,,,,,,,,,,,,,,,,tap water,27.8259
03-20-CDS-03,Tap Water,2024-03-20 11:13:47,,-156.68113250844104,20.884616044642335,,,,,,,,22.9662,,,,,,,,,,2.4207,,,,,27.5275,,,,,,,,,,,14.2901,,,,,,,,,,,9.0946,,,,,,,,2.8508,,,,,,,,,,,,,,,,,,,,,,,,,,tap water,53.763000000000005
03-20-CDS-05,Tap Water,2024-03-20 00:00:00,,-156.6818522216562,20.881050521579084,,,,,,,,28.6002,,,,,,,,,,2.1292,,,,,6.5146,,,,,,,,,,,6.0941,,,,,,,,,,,4.5072,,,,,,,,,,,,,,,,,,,,,,,,,,,,,,,,,,tap water,17.1159
03-20-CDS-06,Tap Water,2024-03-20 00:00:00,,-156.68245847758598,20.88118359480879,,,,,,,,16.7905,,,,,,,,,,4.4012,,,,,6.0248,,,,,,,,,,,3.8225,,,,,,,,,,,3.0269,,,,,,,,1.3175,,,,,,,,,,,,,,,,,,,,,,,,,,tap water,14.1917
03-20-CDS-08,Tap Water,2024-03-20 00:00:00,,-156.6855499002866,20.884544173017396,,,,,,,,24.5925,,,,,,,,,,2.0694,,,,,11.5382,,,,,,,,,,,5.978,,,,,,,,,,,5.6977,,,,,,,,2.4946,,,,,,,,,,,,,,,,,,,,,,,,,,tap water,25.7085
3-20-24-JI-01,Tap Water,2024-03-20 16:21:40,,-156.68324035773173,20.881829719319462,,,,,,,,28.274,,,,,,,,,,,,,,,6.9262,,,,,,,,,,,6.4527,,,,,,,,,,,5.1477,,,,,,,,1.1222,,,,,,,,,,,,,,,,,,,,,,,,,,tap water,19.6488
3-20-24-JI-13,Tap Water,2024-03-20 15:03:56,,-156.6846300124524,20.880749962944893,,,,,,,,14.5428,,,,,,,,,,,,,,,7.4625,,,,,,,,,,,6.8752,,,,,,,,,,,5.2489,,,,,,,,,,,,,,,,,,,,,,,,,,,,,,,,,,tap water,19.5866
3-20-24-JI-15,Tap Water,2024-03-20 15:01:47,,-156.68200281222403,20.881701177549665,,,,,,,,13.4308,,,,,,,,,,,,,,,11.38,,,,,,,,,,,9.174,,,,,,,,,,,6.881,,,,,,,,2.0313,,,,,,,,,,,,,,,,,,,,,,,,,,tap water,29.466300000000004
3-20-24-JI-17,Tap Water,2024-03-20 15:00:00,,-156.68514375053084,20.881551478732955,,,,,,,,13.5932,,,,,,,,,,,,,,,6.543,,,,,,,,,,,6.3845,,,,,,,,,,,4.8734,,,,,,,,,,,,,,,,,,,,,,,,,,,,,,,,,,tap water,17.8009
03-29-KDP-01,Tap Water,2024-03-29 13:12:56,,-156.3500846632397,20.706830825133483,,,,,,,,9.725,,,,,,,,,,,,,,,3.0877,,,,,,,,,,,,,,,,,,,,,,,,,,,,,,,,,,,,,,,,,,,,,,,,,,,,,,,,tap water,3.0877
03-29-KDP-03,Tap Water,2024-03-29 13:15:40,,-156.35352348751064,20.707132260999177,,,,,,,,14.5938,,,,,,,,,,,,,,1.3787,4.3261,,,,,,,,,,,,,,,,,,,,,,,,,,,,,,,,,,,,,,,,,,,,,,,,,,,,,,,,tap water,4.3261
03-29-KDP-04,Tap Water,2024-03-29 13:35:09,,-156.34867620526188,20.706490561111295,,,,,,,,9.1735,,,,,,,,,,,,,,,1.8535,,,,,,,,,,,,,,,,,,,,,,,,,,,,,,,,,,,,,,,,,,,,,,,,,,,,,,,,tap water,1.8535
03-29-KDP-06,Tap Water,2024-03-29 14:19:16,,-156.3383724890998,20.71825568209154,,,,,,,,13.413,,,,,,,,,,,,,,,2.5214,,,,,,,,,,,,,,,,,,,,,,,,,,,,,,,,,,,,,,,,,,,,,,,,,,,,,,,,tap water,2.5214
03-29-KDP-08,Tap Water,2024-03-29 14:28:33,,-156.33760090314328,20.727254641383304,,,,,,,,8.5205,,,,,,,,,,,,,,1.4956,1.7981,,,,,,,,,,,,,,,,,,,,,,,,,,,,,,,,,,,,,,,,,,,,,,,,,,,,,,,,tap water,1.7981
03-29-KDP-09,Tap Water,2024-03-29 15:09:05,,-156.3377468903483,20.72404954898818,,,,,,,,8.5803,,,,,,,,,,,,,,,1.7401,,,,,,,,,,,,,,,,,,,,,,,,,,,,,,,,,,,,,,,,,,,,,,,,,,,,,,,,tap water,1.7401
03-29-KDP-11,Tap Water,2024-03-29 15:32:56,,-156.3514143672672,20.70898636894454,,,,,,,,9.1354,,,,,,,,,,,,,,,1.8547,,,,,,,,,,,,,,,,,,,,,,,,,,,,,,,,,,,,,,,,,,,,,,,,,,,,,,,,tap water,1.8547
03-05-KDP-01,Tap Water,2024-04-05 15:36:01,,-156.3078259040537,20.76957657320921,,,,,,,,11.5514,,,,,,,,,,,,,,,1.7808,,,,,,,,,,,,,,,,,,,,,,,,,,,,,,,,,,,,,,,,,,,,,,,,,,,,,,,,tap water,1.7808
03-05-KDP-03,Tap Water,2024-04-05 15:53:00,,-156.3377749180373,20.782709633911924,,,,,,,,13.901,,,,,,,,,,,,,,,60.4599,,,,,,,,,,,7.0218,,,,,,,,,,,2.651,,,,,,,,,,,,,,,,,,,,,,,,,,,,,,,,,,tap water,70.1327
03-05-KDP-05,Tap Water ,2024-04-05 16:44:00,,-156.37936626206837,20.69373292704653,,,,,,,,7.6763,,,,,,,,,,,,,,,1.7993,,,,,,,,,,,,,,,,,,,,,,,,,,,,,,,,,,,,,,,,,,,,,,,,,,,,,,,,tap water,1.7993
03-05-KDP-08,Tap Water,2024-04-05 17:32:00,,-156.31540880888917,20.75082882558993,,,,,,,,16.5787,,,,,,,,,,,,,,,1.6754,,,,,,,,,,,,,,,,,,,,,,,,,,,,,,,,,,,,,,,,,,,,,,,,,,,,,,,,tap water,1.6754
03-05-KDP-10,Tap Water,2024-04-05 17:32:00,,-156.31462338969706,20.75066892169283,,,,,,,,7.6502,,,,,,,,,,,,,,,1.7331,,,,,,,,,,,,,,,,,,,,,,,,,,,,,,,,,,,,,,,,,,,,,,,,,,,,,,,,tap water,1.7331
03-05-KDP-12,Tap Water,2024-04-05 18:00:00,,-156.3425690426994,20.720041520855965,,,,,,,,15.5772,,,,,,,,,,,,,,,1.8314,,,,,,,,,,,,,,,,,,,,,,,,,,,,,,,,,,,,,,,,,,,,,,,,,,,,,,,,tap water,1.8314
4-11-24-JI-01,Tap Water,2024-04-11 09:36:06,,-156.68289518725695,20.892866378321077,,,,,,,,31.8144,,,,,,,,,,,,,,,17.9315,,,,,,,,,,,6.5972,,,,,,,,,,,5.6352,,,,,,,,4.7779,,,,,,,,,,,,,,,,,,,,,,,,,,tap water,34.9418
4-11-24-JI-02,Tap Water,2024-04-11 09:38:09,,-156.67978086260334,20.892082894843792,,,,,,,,9.4019,,,,,,,,,,,,,,,6.0674,,,,,,,,,,,,,,,,,,,,,,,,,,,,,,,,,,,,,,,,,,,,,,,,,,,,,,,,tap water,6.0674
4-11-24-JI-03,Tap Water,2024-04-11 09:39:43,,-156.68348443756778,20.895003767004972,,,,,,,,15.8808,,,,,,,,,,,,,,1.0666,7.6734,,,,,,,,,6.1698,,,,,,,,,,,,,,,,,,,,,5.8167,,,,,,,,,,,,,,,,,,,,,,,,,,tap water,13.4901
4-11-24-JI-04,Tap Water,2024-04-11 09:40:43,,-156.68287657727177,20.895736799478776,,,,,,,,17.2499,,,,,,,,,,,,,,,7.6913,,,,,,,,,5.3198,,,,,,,,,,,,,,,,,,,,,5.1164,,,,,,,,,,,,,,,,,,,,,,,,,,tap water,12.8077
4-12-24-JI-01,Tap Water,2024-04-12 00:00:00,,,,,,,,,,,9.6233,,,,,,,,,,,,,,,8.8237,,,,,,,,,,,4.4847,,,,,,,,,,,3.3518,,,,,,,,,,,,,,,,,,,,,,,,,,,,,,,,,,tap water,16.6602
4-12-24-JI-02,Tap Water,2024-04-12 00:00:00,,,,,,,,,,,20.0739,,,,,,,,,,,,,,,16.918,,,,,,,,,,,8.9773,,,,,,,,,,,6.0055,,,,,,,,,,,,,,,,,,,,,,,,,,,,,,,,,,tap water,31.900799999999997
4-12-KDP-01,Tap Water,2024-04-12 09:22:30,,-156.31645906486062,20.78249964026265,,,,,,,,21.0758,,,,,,,,,,,,,,,14.2275,,,,,,,,,,,2.7958,,,,,,,,,,,,,,,,,,,,,,,,,,,,,,,,,,,,,,,,,,,,,tap water,17.0233
4-12-KDP-03,Tap Water,2024-04-12 09:22:30,,-156.32647778253843,20.788450694715586,,,,,,,,18.5049,,,,,,,,,,,,,,,17.9389,,,,,,,,,,,3.0213,,,,,,,,,,,,,,,,,,,,,,,,,,,,,,,,,,,,,,,,,,,,,tap water,20.9602
4-12-KDP-05,Tap Water,2024-04-12 09:22:30,,-156.3257804731017,20.7990624289945,,,,,,,,25.3978,,,,,,,,,,,,,,,25.2949,,,,,,,,,,,3.4727,,,,,,,,,,,,,,,,,,,,,,,,,,,,,,,,,,,,,,,,,,,,,tap water,28.767599999999998
04-15-KDP-01,Tap Water,2024-04-15 09:22:30,,-156.3072588377075,20.77582823151118,,,,,,,,8.3873,,,,,,,,,,,,,,,10.3614,,,,,,,,,,,,,,,,,,,,,,,,,,,,,,,,,,,,,,,,,,,,,,,,,,,,,,,,tap water,10.3614
04-20-KDP-01,Tap Water,2024-04-20 17:15:01,,-156.2842179429443,20.81593241576486,,,,,,,,11.5937,,,,,,,,,,,,,,,1.9657,,,,,,,,,,,,,,,,,,,,,,,,,,,,,,,,,,,,,,,,,,,,,,,,,,,,,,,,tap water,1.9657
04-21-KDP-01,Tap Water,2024-04-21 13:56:01,,-156.29148807944884,20.81599218568472,,,,,,,,5.6921,,,,,,,,,,,,,,24.5011,2.6135,,,,,,,,,,,,,,,,,,,,,,,,,,,,,,,,,,,,,,,,,,,,,,,,,,,,,,,,tap water,2.6135
04.26.KDP.01,Tap Water,2024-04-26 16:11:01,,-156.3132085919645,20.854556834463057,,,,,,,,15.0741,,,,,,,,,,,,,,,25.544,,,,,,,,,,,13.7079,,,,,,,,,,,12.5186,,,,,,,,2.297,,,,,,,,,,,,,,,,,,,,,,,,,,tap water,54.067499999999995
04.26.KDP.02,Tap Water,2024-04-26 16:30:01,,-156.30565233052815,20.86688627020164,,,,,,,,45.3413,,,,,,,,,,,,,,,2.5061,,,,,,,,,,,,,,,,,,,,,,,,,,,,,,,,,,,,,,,,,,,,,,,,,,,,,,,,tap water,2.5061
04.26.KDP.03,Tap Water,2024-04-26 16:53:02,,-156.29334745677303,20.824480709475107,,,,,,,,53.738,,,,,,,,,,,,,,,22.0298,,,,,,,,,,,2.3773,,,,,,,,,,,,,,,,,,,,,,,,,,,,,,,,,,,,,,,,,,,,,tap water,24.4071
04.26.KDP.05,Tap Water,2024-04-26 18:03:04,,-156.30712525637787,20.767707556117823,,,,,,,,24.9487,,,,,,,,,,,,,,,1.6867,,,,,,,,,,,,,,,,,,,,,,,,,,,,,,,,,,,,,,,,,,,,,,,,,,,,,,,,tap water,1.6867
05-04-KDP-02,Tap Water,2024-05-04 16:32:45,,-156.30777125444638,20.77598905493902,,,,,,,,3.2945,,,,,,,,,,,,,,,34.1361,,,,,,,,,,,4.2459,,,,,,,,,,,1.0218,,,,,,,,,,,,,,,,,,,,,,,,,,,,,,,,,,tap water,39.4038
05-04-KDP-03,Tap Water,2024-05-04 17:12:53,,-156.345450268897,20.768175464803168,,,,,,,,3.7539,,,,,,,,,,,,,,,35.0563,,,,,,,,,,,3.9487,,,,,,,,,,,1.1487,,,,,,,,,,,,,,,,,,,,,,,,,,,,,,,,,,tap water,40.1537
05-04-KDP-05,Tap Water,2024-05-04 18:01:34,,-156.30989879331534,20.78112293138828,,,,,,,,11.7293,,,,,,,,,,,,,,,52.3095,,,,,,,,,,,5.3247,,,,,,,,,,,1.1271,,,,,,,,,,,,,,,,,,,,,,,,,,,,,,,,,,tap water,58.7613
05-06-KDP-01,Tap Water,2024-05-05 09:42:03,,-156.30986843062232,20.77543110993779,,,,,,,,,,,,,,,,,,,,,,1.8314,14.7754,,,,,,,,,,,,,,,,,,,,,,,,,,,,,,,,,,,,,,,,,,,,,,,,,,,,,,,,tap water,14.7754
06-07-KDP-01,Tap Water,2024-06-07 11:00:00,,-156.3463162811294,20.72624782556973,,,,,,,,20.4755,,,,,,,,,,,,,,,48.7448,,,,,,,,,,,3.9582,,,,,,,,,,,,,,,,,,,,,,,,,,,,,,,,,,,,,,,,,,,,,tap water,52.702999999999996
06-07-KDP-02,Tap Water,2024-06-07 11:47:00,,-156.32909922811697,20.74796824441917,,,,,,,,24.5381,,,,,,,,,,,,,,,2.9747,,,,,,,,,,,,,,,,,,,,,,,,,,,,,,,,,,,,,,,,,,,,,,,,,,,,,,,,tap water,2.9747
06-07-KDP-03,Tap Water,2024-06-07 12:00:00,,-156.32320381341427,20.743771521071952,,,,,,,,13.4075,,,,,,,,,,,,,,,2.276,,,,,,,,,,,,,,,,,,,,,,,,,,,,,,,,,,,,,,,,,,,,,,,,,,,,,,,,tap water,2.276
06-07-KDP-04,Tap Water,2024-06-07 12:20:00,,-156.31621082197736,20.765070223052593,,,,,,,,22.6478,,,,,,,,,,,,,,,2.7197,,,,,,,,,,,,,,,,,,,,,,,,,,,,,,,,,,,,,,,,,,,,,,,,,,,,,,,,tap water,2.7197
06-07-KDP-05,Tap Water,2024-06-07 12:33:00,,-156.30460309692822,20.763260166988477,,,,,,,,20.6085,,,,,,,,,,,,,,,2.0168,,,,,,,,,,,,,,,,,,,,,,,,,,,,,,,,,,,,,,,,,,,,,,,,,,,,,,,,tap water,2.0168
06-10-KDP-01,Tap Water,2024-06-10 08:53:57,,-156.30733558849772,20.778298070088447,,,,,,,,14.0606,,,,,,,,,,,,,,,18.8995,,,,,,,,,,,,,,,,,,,,,,,,,,,,,,,,,,,,,,,,,,,,,,,,,,,,,,,,tap water,18.8995
6-11-24-01-JI,Tap Water,2024-06-11 08:23:36,,-156.6846191608573,20.883151170906384,,,,,,,,100.1198,,,,,,,,,,,,,,,13.4866,,,,,,,,,,,6.4349,,,,,,,,,,,3.0085,,,,,,,,,,,,,,,,,,,,,,,,,,,,,,,,,,tap water,22.93
06-14-KDP-01,Tap Water,2024-06-14 12:01:09,,-156.3981958466485,20.63854995357532,,,,,,,,11.1614,,,,,,,,,,,,,,,1.8798,,,,,,,,,,,,,,,,,,,,,,,,,,,,,,,,,,,,,,,,,,,,,,,,,,,,,,,,tap water,1.8798
06-14-KDP-03,Tap Water,2024-06-14 12:54:32,,-156.3541284463092,20.730693193025175,,,,,,,,3.5006,,,,,,,,,,,,,,,48.3396,,,,,,,,,,,2.4856,,,,,,,,,,,,,,,,,,,,,,,,,,,,,,,,,,,,,,,,,,,,,tap water,50.825199999999995
06-14-KDP-04,Tap Water,2024-06-14 13:00:52,,-156.34227309799533,20.72673560359339,,,,,,,,11.8777,,,,,,,,,,,,,,,2.7286,,,,,,,,,,,,,,,,,,,,,,,,,,,,,,,,,,,,,,,,,,,,,,,,,,,,,,,,tap water,2.7286
06-14-KDP-05,Tap Water,2024-06-14 13:08:57,,-156.3394164805789,20.725492455232885,,,,,,,,8.191,,,,,,,,,,,,,,,1.1594,,,,,,,,,,,,,,,,,,,,,,,,,,,,,,,,,,,,,,,,,,,,,,,,,,,,,,,,tap water,1.1594
06-14-KDP-06,Tap Water,2024-06-14 13:08:57,,-156.3412918696488,20.727135900097355,,,,,,,,8.5964,,,,,,,,,,,,,,,2.145,,,,,,,,,,,,,,,,,,,,,,,,,,,,,,,,,,,,,,,,,,,,,,,,,,,,,,,,tap water,2.145
06-14-KDP-09,Tap Water,2024-06-14 13:08:57,,-156.30642536073057,20.758032959553425,,,,,,,,12.9059,,,,,,,,,,,,,,,2.564,,,,,,,,,,,,,,,,,,,,,,,,,,,,,,,,,,,,,,,,,,,,,,,,,,,,,,,,tap water,2.564
06-14-KDP-11,Tap Water,2024-06-14 13:08:57,,-156.30690159402786,20.765554083683817,,,,,,,,11.9689,,,,,,,,,,,,,,,2.1645,,,,,,,,,,,,,,,,,,,,,,,,,,,,,,,,,,,,,,,,,,,,,,,,,,,,,,,,tap water,2.1645
06-14-KDP-13,Tap Water,2024-06-14 13:08:57,,-156.3092975728293,20.765383440696233,,,,,,,,19.3962,,,,,,,,,,,,,,,2.8426,,,,,,,,,,,,,,,,,,,,,,,,,,,,,,,,,,,,,,,,,,,,,,,,,,,,,,,,tap water,2.8426
06-14-KDP-14,Tap Water,2024-06-14 13:08:57,,-156.30613606767932,20.76835635570276,,,,,,,,13.1882,,,,,,,,,,,,,,,2.2873,,,,,,,,,,,,,,,,,,,,,,,,,,,,,,,,,,,,,,,,,,,,,,,,,,,,,,,,tap water,2.2873
06-14-KDP-16,Tap Water,2024-06-14 13:08:57,,-156.2991348705021,20.76377263340237,,,,,,,,16.6224,,,,,,,,,,,,,,,2.2637,,,,,,,,,,,,,,,,,,,,,,,,,,,,,,,,,,,,,,,,,,,,,,,,,,,,,,,,tap water,2.2637
06-14-KDP-17,Tap Water,2024-06-14 13:08:57,,-156.30033063262636,20.76460551789159,,,,,,,,21.1199,,,,,,,,,,,,,,,2.0166,,,,,,,,,,,,,,,,,,,,,,,,,,,,,,,,,,,,,,,,,,,,,,,,,,,,,,,,tap water,2.0166
06-14-KDP-19,Tap Water,2024-06-17 10:59:08,,-156.3094860582583,20.773407539623967,,,,,,,,13.8034,,,,,,,,,,,,,,,49.4922,,,,,,,,,,,4.763,,,,,,,,,,,,,,,,,,,,,,,,,,,,,,,,,,,,,,,,,,,,,tap water,54.255199999999995
07-19-KDP-01,Tap Water,2024-07-19 11:56:24,,-156.30787624186567,20.774209501058177,,,,,,,,5.8735,,,,,,,,,,,,,,,20.2476,,,,,,,,,,,5.7233,,,,,,,,,,,2.4753,,,,,,,,,,,,,,,,,,,,,,,,,,,,,,,,,,tap water,28.446199999999997
07-19-KDP-02,Tap Water,2024-07-19 12:20:04,,-156.31098779909598,20.780112576387825,,,,,,,,6.2604,,,,,,,,,,,,,,,14.1158,,,,,,,,,,,5.0157,,,,,,,,,,,2.3855,,,,,,,,,,,,,,,,,,,,,,,,,,,,,,,,,,tap water,21.517
07-19-KDP-03,Tap Water,,,-156.32183692065524,20.7838288138283,,,,,,,,5.7392,,,,,,,,,,,,,,,12.9113,,,,,,,,,,,4.7918,,,,,,,,,,,2.557,,,,,,,,,,,,,,,,,,,,,,,,,,,,,,,,,,tap water,20.2601
07-19-KDP-05,Tap Water,,,-156.30989099588442,20.76156875540826,,,,,,,,11.1476,,,,,,,,,,,,,,,40.5608,,,,,,,,,,,1.098,,,,,,,,,,,,,,,,,,,,,,,,,,,,,,,,,,,,,,,,,,,,,tap water,41.6588
7-25-24-JI-01,Tap Water,2024-07-29 07:15:05,,-156.6750118461668,20.86675168032139,,,,,,,,73.1916,,,,,,,,,,,,,,,10.6291,,,,,,,,,,,4.803,,,,,,,,,,,2.3559,,,,,,,,,,,,,,,,,,,,,,,,,,,,,,,,,,tap water,17.788
7-25-24-JI-02,Tap Water,2024-07-29 07:16:37,,-156.6723854314414,20.869976213057953,,,,,,,,65.6113,,,,,,,,,,,,,,,10.2903,,,,,,,,,,,4.5787,,,,,,,,,,,2.3548,,,,,,,,,,,,,,,,,,,,,,,,,,,,,,,,,,tap water,17.2238
08-02-KDP-01,Tap Water,2024-08-02 14:59:58,,-156.33900864828573,20.86940816709401,,,,,,,,,,,,,,,,,,,,,,,15.8739,,,,,,,,,,,5.6507,,,,,,,,,,,3.1992,,,,,,,,,,,,,,,,,,,,,,,,,,,,,,,,,,tap water,24.7238
08-02-KDP-02,Tap Water,2024-08-02 15:02:02,,-156.45353993287802,20.78070675669657,,,,,,,,4.0362,,,,,,,,,,,,,,,3.5306,,,,,,,,,,,2.9499,,,,,,,,,,,3.831,,,,,,,,3.8185,,,,,,,,,,,,,,,,,,,,,,,,,,tap water,14.129999999999999
08-01-KDP-04,Tap Water,2024-08-02 00:00:00,,-156.43083033609506,20.698846388776605,,,,,,,,4.9691,,,,,,,,,,,,,,,,,,,,,,,,,,,,,,,,,,,,,1.6519,,,,,,,,4.1905,,,,,,,,,,,,,,,,,,,,,,,,,,tap water,5.8424
08-02-KDP-05,Tap Water,2024-08-02 00:00:00,,-156.3551755997497,20.709713083918395,,,,,,,,5.0766,,,,,,,,,,3.0421,,,,36.0022,53.4454,,,,,,,,,,,5.7459,,,,,,,,,,,1.3731,,,,,,,,,,,,,,,,,,,,,,,,,,,,,,,,,,tap water,60.5644
8-29-24-CKS-5,Tap Water,2024-08-29 11:28:01,,-156.68118296620503,20.88989930947297,,,,,,,,15.6987,,,,,,,,,,8.5616,,,,,53.6177,,,,,,,,,,,15.4048,,,,,,,,,,,7.9785,,,,,,,,3.009,,,,,,,,,,,,,,,,,,,,,,,,,,tap water,80.00999999999999
8-29-24-CKS-6,Tap Water,2024-08-29 10:35:47,,-156.6814009172604,20.8931631834221,,,,,,,,18.7132,,,,,,,,,,7.5045,,,,,41.6135,,,,,,,,,,,15.9946,,,,,,,,,,,13.9427,,,,,,,,11.7454,,,,,,,,,,,,,,,,,,,,,,,,,,tap water,83.2962
8-29-24-CKS-7,Tap Water,2024-08-29 11:28:50,,-156.6849025597637,20.898133614020512,,,,,,,,17.658,,,,,,,,,,8.5115,,,,,40.6194,,,,,,,,,,,16.7038,,,,,,,,,,,15.6523,,,,,,,,11.6717,,,,,,,,,,,,,,,,,,,,,,,,,,tap water,84.6472
08-30-24-KDP-01,Tap Water,2024-08-30 00:00:00,,-156.30712957299218,20.77851769204093,,,,,,,,4.9809,,,,,,,,,,,,,,,32.3938,,,,,,,,,,,1.162,,,,,,,,,,,,,,,,,,,,,,,,,,,,,,,,,,,,,,,,,,,,,tap water,33.5558
08-30-24-KDP-04,Tap Water,2024-08-30 00:00:00,,-156.30699334972525,20.77541208422646,,,,,,,,5.9697,,,,,,,,,,,,,,,37.7463,,,,,,,,,,,4.7861,,,,,,,,,,,1.1408,,,,,,,,,,,,,,,,,,,,,,,,,,,,,,,,,,tap water,43.673199999999994
08-30-24-KDP-05,Tap Water,2024-08-30 00:00:00,,-156.3244192486927,20.811037046278695,,,,,,,,8.1683,,,,,,,,,,,,,,,28.6105,,,,,,,,,,,3.3359,,,,,,,,,,,,,,,,,,,,,,,,,,,,,,,,,,,,,,,,,,,,,tap water,31.946399999999997
08-30-24-KDP-06,Tap Water,2024-08-30 00:00:00,,-156.34774234026315,20.83440942339446,,,,,,,,28.9901,,,,,,,,,,18.3294,,,,41.3467,31.6149,,,,,,,,,,,10.2633,,,,,,,,,,,4.8933,,,,,,,,,,,,,,,,,,,,,,,,,,,,,,,,,,tap water,46.771499999999996
08-30-24-KDP-07,Tap Water,2024-08-30 00:00:00,,-156.34788946645187,20.83761518070063,,,,,,,,6.5621,,,,,,,,,,3.0582,,,,1.9377,46.783,,,,,,,,,,,10.8712,,,,,,,,,,,4.3649,,,,,,,,,,,,,,,,,,,,,,,,,,,,,,,,,,tap water,62.0191
08-30-24-KDP-08,Tap Water,2024-08-30 00:00:00,,-156.2937701785775,20.906860587640967,,,,,,,,5.1803,,,,,,,,,,3.1068,,,,,1.0743,,,,,,,,,,,,,,,,,,,,,,,,,,,,,,,,,,,,,,,,,,,,,,,,,,,,,,,,tap water,1.0743
08-30-24-KDP-10,Tap Water,2024-08-30 00:00:00,,-156.26076202665735,20.93187079478088,,,,,,,,,,,,,,,,,,,,,,,,,,,,,,,,,,,,,,,,,,,,,,,,,,,,,,,,,,,,,,,,,,,,,,,,,,,,,,,tap water,0.0
08-30-24-KDP-11,Tap Water,2024-08-30 00:00:00,,-156.31551559658274,20.93085196346518,,,,,,,,4.3954,,,,,,,,,,,,,,,,,,,,,,,,,,,,,,,,,,,,,1.1392,,,,,,,,4.2734,,,,,,,,,,,,,,,,,,,,,,,,,,tap water,5.412599999999999
08-30-24-KDP-13,Tap Water,2024-08-30 00:00:00,,-156.31391582151625,20.877409081013624,,,,,,,,5.8701,,,,,,,,,,,,,,,20.0078,,,,,,,,,,,8.3144,,,,,,,,,,,4.2054,,,,,,,,,,,,,,,,,,,,,,,,,,,,,,,,,,tap water,32.5276
10-04-24-KDP-01,Tap Water,2024-10-04 14:43:14,,-156.30407018478823,20.874222884561412,,,,,,,,10.1116,,,,,,,,,,,,,,1.2286,6.5081,,,,,,,,,,,6.9409,,,,,,,,,,,6.2522,,,,,,,,1.5555,,,,,,,,,,,,,,,,,,,,,,,,,,tap water,21.2567
10-04-24-KDP-02,Tap Water,2024-10-04 14:46:25,,-156.3141413870354,20.877842114442146,,,,,,,,11.1619,,,,,,,,,,,,,,,11.7442,,,,,,,,,,,12.4645,,,,,,,,,,,10.5811,,,,,,,,2.6771,,,,,,,,,,,,,,,,,,,,,,,,,,tap water,37.466899999999995
10-04-24-KDP-04,Tap Water,2024-10-04 14:52:43,,-156.32509496252842,20.91809389657957,,,,,,,,4.4188,,,,,,,,,,,,,,,,,,,,,,,,,,,,,,,,,,,,,1.0391,,,,,,,,3.9714,,,,,,,,,,,,,,,,,,,,,,,,,,tap water,5.0105
10-04-24-KDP-06,Tap Water,2024-10-04 15:10:58,,-156.21352419438756,20.891882118471734,,,,,,,,3.8371,,,,,,,,,,,,,,,,,,,,,,,,,,,,,,,,,,,,,,,,,,,,,,,,,,,,,,,,,,,,,,,,,,,,,,,tap water,0.0
10-04-24-KDP-07,Tap Water,2024-10-04 15:13:16,,-156.3773350608533,20.918511107050634,,,,,,,,3.2564,,,,,,,,,,,,,,,,,,,,,,,,,,,,,,,,,,,,,1.851,,,,,,,,2.3946,,,,,,,,,,,,,,,,,,,,,,,,,,tap water,4.2456
10-04-24-KDP-09,Tap Water,2024-10-04 15:21:12,,-156.4938307554619,20.92068957363885,,,,,,,,3.3251,,,,,,,,,,,,,,,,,,,,,,,,,,,,,,,,,,,,,,,,,,,,,1.4973,,,,,,,,,,,,,,,,,,,,,,,,,,tap water,1.4973
10-12-24-KDP-01,Tap Water,2024-10-12 19:32:00,,-156.50867997452812,20.79660916054001,,,,,,,,9.7171,,,,,,,,,,,,,,,,,,,,,,,,,,,,,,,,,,,,,1.0237,,,,,,,,2.0155,,,,,,,,,,,,,,,,,,,,,,,,,,tap water,3.0392
10-12-24-KDP-02,Tap Water,2024-10-12 19:32:00,,-156.50921844975687,20.79682027812173,,,,,,,,10.404,,,,,,,,,,,,,,,,,,,,,,,,,,,,,,,,,,,,,,,,,,,,,,,,,,,,,,,,,,,,,,,,,,,,,,,tap water,0.0
10-18-24-CKS-1,Tap Water,2024-10-18 10:00:00,N,,,1.0341,,,,,,,18.1405,,,,,,,,,,7.7406,,,,,,,,,,,,,,,,,,,,,,,,,,,,,,,,,,,,,,,,,,,,,,,,,,,,,,,,,,,,,tap water,0.0
10-18-24-CKS-4,Tap Water,2024-10-18 10:00:00,N,,,,,,,,,,11.3022,,,,,,,,,,7.1335,,,,,,,,,,,,,,,,,,,,,,,,,,,,,,,,,,,,,,,,,,,,,,,,,,,,,,,,,,,,,tap water,0.0
10-18-24-CKS-7,Tap Water,2024-10-18 10:00:00,N,,,,,,,,,,,,,,,,,,,,,,,,,1.8645,,,,,,,,,,,1.8286,,,,,,,,,,,1.6775,,,,,,,,,,,,,,,,,,,,,,,,,,,,,,,,,,tap water,5.3706
10-18-24-KDP-01,Tap Water,2024-10-18 08:30:00,,-156.29558008596746,20.772159193877233,,,,,,,,15.7209,,,,,,,,,,,,,,2.0819,67.5927,,,,,,,,,,,8.5765,,,,,,,,,,,2.7321,,,,,,,,,,,,,,,,,,,,,,,,,,,,,,,,,,tap water,78.90129999999999
10-18-24-KDP-02,Tap Water,2024-10-18 10:00:00,N,,,,,,,,,,,,,,,,,,,,,,,,,,,,,,,,,,,,,,,,,,,,,,,,,,,,,,,,,,,,,,,,,,,,,,,,,,,,,,,,,tap water,0.0
10-18-24-KDP-05,Tap Water,2024-10-18 10:00:00,N,,,,,,,,,,7.185,,,,,,,,,,,,,,,,,,,,,,,,,,,,,,,,,,,,,,,,,,,,,,,,,,,,,,,,,,,,,,,,,,,,,,,tap water,0.0
10-18-24-KDP-08,Tap Water,2024-10-18 10:00:00,N,,,,,,,,,,,,,,,,,,,,,,,,,,,,,,,,,,,,,,,,,,,,,,,,,,,,,,,,,,,,,,,,,,,,,,,,,,,,,,,,,tap water,0.0
10-25-24-KDP-01,Tap Water,,,20.81846820514969,-156.12328026551316,,,,,,,,10.2554,,,,,,,,,,,,,,,,,,,,,,,,,,,,,,,,,,,,,,,,,,,,,,,,,,,,,,,,,,,,,,,,,,,,,,,tap water,0.0
10-25-24-KDP-04,Tap Water ,2024-10-25 00:00:00,,20.785143623394273,-156.0266089498491,,,,,,,,3.0153,,,,,,,,,,,,,,,12.864,,,,,,,,,,,5.7388,,,,,,,,,,,2.5647,,,,,,,,,,,,,,,,,,,,,,,,,,,,,,,,,,tap water,21.1675
10-25-24-KDP-05,Tap Water,2024-10-25 00:00:00,,20.785128329479925,-156.02723252052047,,,,,,,,2.7504,,,,,,,,,,,,,,,14.834,,,,,,,,,,,6.4283,,,,,,,,,,,2.8366,,,,,,,,,,,,,,,,,,,,,,,,,,,,,,,,,,tap water,24.0989
10-25-24-KDP-07,Tap Water,2024-10-25 00:00:00,,20.772411330308447,-155.996264531251,,,,,,,,3.3048,,,,,,,,,,,,,,,,,,,,,,,,,,,,,,,,,,,,,1.6403,,,,,,,,7.8604,,,,,,,,,,,,,,,,,,,,,,,,,,tap water,9.5007
10-25-24-KDP-08,Tap Water,2024-10-25 00:00:00,,20.775391705290748,-155.99965904336682,,,,,,,,3.612,,,,,,,,,,,,,,,,,,,,,,,,,,,,,,,,,,,,,1.2883,,,,,,,,5.6672,,,,,,,,,,,,,,,,,,,,,,,,,,tap water,6.955500000000001
10-25-24-KDP-09,Tap Water,2024-10-25 00:00:00,,20.770745240790475,-155.99915741677907,,,,,,,,,,,,,,,,,,,,,,,,,,,,,,,,,,,,,,,,,,,,,1.3031,,,,,,,,4.9341,,,,,,,,,,,,,,,,,,,,,,,,,,tap water,6.2372
10-25-24-KDP-10,Tap Water,2024-10-25 00:00:00,,20.770904335535327,-155.99672722786104,,,,,,,,4.2967,,,,,,,,,,,,,,,,,,,,,,,,,,,,,,,,,,,,,1.6623,,,,,,,,6.8983,,,,,,,,,,,,,,,,,,,,,,,,,,tap water,8.5606
10-25-24-KDP-11,Tap Water ,2024-10-25 00:00:00,,20.75878083914166,-155.98812986092926,,,,,,,,2.2216,,,,,,,,,,,,,,,,,,,,,,,,,,,,,,,,,,,,,,,,,,,,,2.4064,,,,,,,,,,,,,,,,,,,,,,,,,,tap water,2.4064
10-25-24-KDP-12,Tap Water,2024-10-25 00:00:00,,20.756234480457657,-155.98491191886887,,,,,,,,3.1667,,,,,,,,,,,,,,,,,,,,,,,,,,,,,,,,,,,,,,,,,,,,,,,,,,,,,,,,,,,,,,,,,,,,,,,tap water,0.0
10-25-24-KDP-13,Tap Water,2024-10-25 00:00:00,,20.756760973943138,-155.98182393683115,,,,,,,,3.5042,,,,,,,,,,,,,,,,,,,,,,,,,,,,,,,,,,,,,,,,,,,,,,,,,,,,,,,,,,,,,,,,,,,,,,,tap water,0.0
10-25-24-KDP-14,Tap Water,2024-10-25 00:00:00,,20.73938503361756,-155.9873405611382,,,,,,,,3.3382,,,,,,,,,,,,,,,,,,,,,,,,,,,,,,,,,,,,,,,,,,,,,,,,,,,,,,,,,,,,,,,,,,,,,,,tap water,0.0
10-25-24-KDP-15,Tap Water,2024-10-25 00:00:00,,20.74196506974082,-155.98482742765094,,,,,,,,5.7218,,,,,,,,,,,,,,,,,,,,,,,,,,,,,,,,,,,,,,,,,,,,,,,,,,,,,,,,,,,,,,,,,,,,,,,tap water,0.0
10-25-24-KDP-16,Tap Water,2024-10-25 00:00:00,,20.72084440519225,-155.98745171901916,,,,,,,,3.3514,,,,,,,,,,,,,,1.9762,,,,,,,,,,,,,,,,,,,,,,,,,,,,,,,,,,,,,,,,,,,,,,,,,,,,,,,,,tap water,0.0
10-25-24-KDP-17,Tap Water,2024-10-25 00:00:00,,20.72187126788686,-155.98989063230275,66.8527,,,,,,,9.6299,,,,,,,,,,,,,,,2.2842,,,,,,,,,,,,,,,,,,,,,,,,,,,,,,,,,,,,,,,,,,,,,,,,,,,,,,,,tap water,2.2842
10-25-24-KDP-18,Tap Water,2024-10-25 00:00:00,,20.72070706547738,-155.98579239242906,,,,,,,,3.2106,,,,,,,,,,,,,,,,,,,,,,,,,,,,,,,,,,,,,,,,,,,,,,,,,,,,,,,,,,,,,,,,,,,,,,,tap water,0.0
