,Sample ID,SampleType,DateTime Taken,Post Results,Public X,Public Y,Chloromethane (methyl chloride),Chloroethene (vinyl chloride),Bromomethane (methyl bromide),Chloroethane (ethyl chloride),Trichlorofluoromethane,Diethyl ether,"1,1-Dichloroethene",Acetone,Iodomethane,Carbon disulfide,3-Chloropropene (allyl chloride),Methylene chloride (DCM),"trans-1,2-Dichloroethene",Methyl tert-butyl ether (MTBE),"1,1-Dichloroethane","2,2-Dichloropropane","cis-1,2-Dichloroethene",2-Butanone (MEK),Methyl acrylate,Methacrylonitrile,Bromochloromethane,Tetrahydrofuran,Trichloromethane (chloroform),"1,1,1-Trichloroethane",Dibromofluoromethane [SS1],Pentafluorobenzene [IS1],1-Chlorobutane (butyl chloride),Carbon tetrachloride,"1,1-Dichloropropene",Benzene,"1,2-Dichloroethane","1,4-Difluorobenzene [IS2]",Trichloroethene,"1,2-Dichloropropane",Dibromomethane,Methyl methacrylate,Bromodichloromethane,2-Nitropropane,"cis-1,3-Dichloropropene",4-Methyl-2-pentanone (MIBK),Toluene-d8 [SS2],Toluene,"trans-1,3-Dichloropropene",Ethyl methacrylate,"1,1,2-Trichloroethane",Tetrachloroethene,"1,3-Dichloropropane",2-Hexanone,Dibromochloromethane,"1,2-Dibromoethane (EDB)",Chlorobenzene-d5 [IS3],Chlorobenzene,"1,1,1,2-Tetrachloroethane",Ethylbenzene,m/p-Xylene,o-Xylene,Styrene,Bromoform,Isopropylbenzene (cumene),1-Bromo-4-fluorobenzene (BFB) [SS3],Bromobenzene,"1,1,2,2-Tetrachloroethane","1,2,3-Trichloropropane (TCP)","trans-1,4-Dichloro-2-butene",n-Propylbenzene,2-Chlorotoluene,"1,3,5-Trimethylbenzene",4-Chlorotoluene,tert-Butylbenzene,Pentachloroethane,"1,2,4-Trimethylbenzene",1-Methylpropylbenzene (sec-butylbenzene),"1,3-Dichlorobenzene",4-Isopropyltoluene (p-cymene),"1,4-Dichlorobenzene-d4 [IS4]","1,4-Dichlorobenzene",n-Butylbenzene,"1,2-Dichlorobenzene",Hexachloroethane,"1,2-Dibromo-3-chloropropane (DBCP)",Nitrobenzene,"1,2,4-Trichlorobenzene","Hexachloro-1,3-butadiene",Naphthalene,"1,2,3-Trichlorobenzene",City,Total Trihalomethanes
0,08-16-CKS-2,Tap Water,8/16/2023 9:30,,-156.31479719206197,20.775040279389195,,,0.0,,,,,0.0,0.0,0.0,0.0,,0.0,,,,,,,,,,12.956,,,,0.0,,,0.0,0.0,,0.0,,,,5.961,,0.0,,,0.0,0.0,,0.0,0.0,,,3.342,0.0,,0.0,,0.0,0.0,0.0,0.0,0.0,,,,,,,,,0.0,0.0,,,0.0,0.0,0.0,,,0.0,0.0,0.0,,,,0.0,0.0,0.0,0.0,Kula,22.259
1,08-16-CKS-3,Tap Water,8/16/2023 10:52,,-156.30988515074932,20.77639365218294,,,0.0,0.0,,,,0.0,0.0,0.0,,,,,,,,,,,,,12.685,,,,0.0,,,0.0,0.0,,0.0,,,,6.285,,,,,0.0,0.0,,,0.0,,,3.833,,,0.0,,0.0,0.0,0.0,0.0,0.0,,,,,,,0.0,,0.0,0.0,,,0.0,0.0,0.0,,,0.0,0.0,0.0,,,,0.0,0.0,0.0,0.0,Kula,22.803
2,08-16-CKS-4,Tap Water,8/16/2023 11:11,,-156.31028674281248,20.775148561998503,,,0.0,,,,,0.0,0.0,0.0,,,0.0,,,,,,,,,,11.782,,,,0.0,,,0.0,0.0,,0.0,,,,6.171,,0.0,,,0.0,0.0,,,0.0,,,3.699,0.0,,0.0,,0.0,0.0,0.0,0.0,0.0,,,0.0,,,,0.0,,0.0,0.0,,,0.0,0.0,0.0,,,0.0,0.0,0.0,,,,0.0,0.0,0.0,0.0,Kula,21.652
3,08-16-CKS-6,Tap Water,8/16/2023 12:00,,-156.30771492660455,20.775351582396667,0.0,,0.0,,,,0.0,0.0,0.0,0.0,0.0,,0.0,,,,0.0,,,,,,21.092,,,,0.0,,,0.0,0.0,,0.0,,,,6.923,,,,,0.0,0.0,,,0.0,0.0,,3.621,0.0,,0.0,,0.0,0.0,0.0,0.0,0.0,,,0.0,,,,0.0,0.0,0.0,0.0,0.0,,0.0,0.0,0.0,,,0.0,0.0,0.0,,,,0.0,0.0,0.0,0.0,Kula,31.636
4,08-16-CKS-7,Tap Water,8/16/2023 12:22,,-156.3101559976494,20.775888055748645,,,,0.0,,,,17.367,0.0,3.145,,,0.0,,,,,14.842,,,0.0,194.634,2.209,,,,0.0,,,0.0,0.0,,0.0,,,,0.0,,,,,0.0,0.0,,0.0,0.0,0.0,,0.0,0.0,,0.0,,0.0,0.0,0.0,0.0,0.0,,,0.0,,,0.0,0.0,0.0,0.0,0.0,0.0,,0.0,0.0,0.0,,,0.0,0.0,0.0,,,,0.0,0.0,0.0,0.0,Kula,2.209
5,08-16-CKS-8,Tap Water,8/16/2023 12:53,,-156.3129862787686,20.77875637432988,,,0.0,,,,,0.0,0.0,0.0,,,0.0,,,,,0.0,,,,3.004,17.53,,,,0.0,,,0.0,0.0,,0.0,,,,7.944,,,,,0.0,,,,0.0,,,4.235,,,0.0,,0.0,0.0,0.0,0.0,0.0,,,,,,,0.0,,0.0,0.0,,,0.0,0.0,0.0,,,0.0,0.0,0.0,,,,0.0,0.0,0.0,0.0,Kula,29.709000000000003
6,08-16-CKS-10,Tap Water,8/16/2023 2:24,,-156.3259569742821,20.743433520241275,,,0.0,0.0,,,0.0,0.0,0.0,0.0,0.0,,0.0,,,,,0.0,,,,0.0,28.868,,,,0.0,,,0.0,0.0,,0.0,,,,8.54,,,,,0.0,,,,0.0,,0.0,3.98,,,0.0,,0.0,0.0,0.0,0.0,0.0,,,,,,,0.0,,0.0,,,,0.0,0.0,0.0,,,0.0,0.0,0.0,,0.0,,0.0,0.0,0.0,,Kula,41.388
7,08-16-CKS-11,Tap Water,8/16/2023 2:55,,-156.3175674605827,20.74917042374005,,,0.0,,,,0.0,0.0,0.0,0.0,,,0.0,,,,,0.0,,,,0.0,22.495,,,,0.0,,,0.0,0.0,,0.0,,,,7.962,,,,,0.0,0.0,,0.0,0.0,,,4.009,,,0.0,,0.0,0.0,0.0,0.0,0.0,,,0.0,,,,0.0,0.0,0.0,0.0,,,0.0,0.0,0.0,,,0.0,0.0,0.0,,,,0.0,0.0,0.0,0.0,Kula,34.466
8,08-16-CKS-12,Tap Water,8/16/2023 3:46,,-156.30961169069698,20.90334864211924,,,0.0,,,,,0.0,0.0,0.0,,,0.0,,,,0.0,0.0,,,,0.0,0.0,,,,0.0,,,0.0,,,0.0,,,,0.0,,,,,0.0,0.0,,,0.0,,,0.0,0.0,,0.0,,0.0,0.0,0.0,0.0,0.0,,,,,,,0.0,0.0,0.0,0.0,0.0,0.0,0.0,0.0,0.0,,,0.0,0.0,0.0,,,,0.0,0.0,0.0,0.0,Outside of Boxes,0.0
9,08-23-CKS-21A,Tap Water,8/23/2023 10:50,,-156.3101431854401,20.77379311555289,,,,,,,,18.3558,0.0,3.0291,,,0.0,,,,,10.5283,,,,216.9879,1.6109,,,,,,,0.0,,,0.0,,,,0.0,,,,,0.0,,,,,,,0.0,,,0.0,,0.0,0.0,,,0.0,,,0.0,,,,0.0,0.0,,0.0,,,0.0,0.0,0.0,,,0.0,0.0,0.0,,,,0.0,0.0,0.0,0.0,Kula,1.6109
10,08-23-CKS-22,Tap Water,8/23/2023 14:12,,-156.3139735046829,20.78167635570461,0.0,,0.0,,,,,8.8989,0.0,,,,,,,,,,,,,,25.3836,,,,,,,,,,,,,,6.2686,,,,,,,,,0.0,,,2.3578,,,,,,0.0,,0.0,0.0,,,0.0,,,,,,,0.0,,,,,0.0,,,,0.0,0.0,,,,0.0,0.0,0.0,0.0,Kula,34.010000000000005
11,08-23-CKS-23,Tap Water,8/23/2023 14:41,,-156.30894756960055,20.773001508870657,0.0,,0.0,,,,,8.9012,0.0,,,,,,,,,0.0,,,,0.0,26.4337,,,,,,,,,,,,,,7.1684,,,,,0.0,,,,,,,2.7733,,,,,0.0,0.0,0.0,0.0,0.0,,,0.0,,,,,,,0.0,,,,,0.0,,,,0.0,0.0,,,,0.0,0.0,0.0,,Kula,36.3754
12,08-25-CKS-32,Tap Water,8/25/2023 13:04,,-156.30924264812984,20.77489695870277,0.0,,0.0,,,,,18.889,0.0,,,,,,,,,,,,0.0,,23.8827,,,,,,,,,,,,,,4.624,,,,,,,,,,,,1.282,,,,,,0.0,,0.0,,,,0.0,,,,,,,,,,,,0.0,,,,0.0,0.0,,,,0.0,,,,Kula,29.7887
13,08-25-CKS-33,Tap Water,8/25/2023 13:04,,-156.31108581345254,20.776023141402224,0.0,,0.0,,,,,15.3631,0.0,,,,,,,,,,,,,,27.1288,,,,,,,,,,,,,,5.8192,,,,,0.0,,,,,,,1.8606,,,,,,0.0,,,0.0,,,,,,,,,,,,,0.0,,0.0,,,,0.0,0.0,,,,,,0.0,,Kula,34.8086
14,08-25-CKS-35,Tap Water,8/25/2023 13:04,,-156.3113370836852,20.7758205553385,0.0,,0.0,,,,,10.9497,0.0,,,,,,,,,,,,0.0,,33.4709,,,,,,,,,,,,,,4.6644,,,,,,,,,,,,1.2138,,,,,,0.0,,,0.0,,,,,,,,,,,,,,,0.0,,,,0.0,0.0,,,,,,,,Kula,39.3491
15,08-29-CKS-41,Tap Water,8/29/2023 9:43,,-156.32381168545248,20.759821915681545,,,,,,,,41.9139,0.0,,,,,,,,,,,,0.0,,50.3204,,19.0151,20.0,,,,,,20.0,,,,,7.7174,,,,19.6569,,,,,,,,2.0564,,20.0,,,,0.0,,0.0,0.0,,21.4889,0.0,,,,,,,0.0,,,,,0.0,,20.0,,0.0,0.0,,,,0.0,0.0,0.0,0.0,Kula,60.0942
16,08-29-CKS-42,Tap Water,8/29/2023 10:47,,-156.3980640110016,20.669955595428675,,,,,,,,47.4081,,,,,,,,,,,,,,,41.1086,,19.8236,20.0,,,,,,20.0,,,,,7.8614,,,,20.2576,,,,,,,,2.3398,,20.0,,,,0.0,,0.0,0.0,,21.5427,0.0,,,,,,,0.0,,,,,0.0,,20.0,,0.0,0.0,,,,0.0,0.0,,0.0,Outside of Boxes,51.3098
17,08-29-CKS-43,Tap Water,8/29/2023 11:18,,-156.40192393727455,20.64972338654913,0.0,,0.0,,,,,,0.0,,,,,,,,,,,,,,41.8076,,19.2612,20.0,,,,,,20.0,,,,,8.6972,,,,19.9821,,,,,,,,2.8638,,20.0,,,,,,,0.0,,21.4578,0.0,,,,,,,0.0,,,,,0.0,,20.0,,0.0,0.0,,,,0.0,0.0,0.0,0.0,Outside of Boxes,53.3686
18,08-29-CKS-51,Tap Water,8/29/2023 11:08,,-156.29997880523595,20.77578108266917,,,0.0,,,,,4.658,,,,,,,,,,,,,,,29.6559,,18.7581,20.0,,,,,,20.0,,,,,6.8627,,,,20.1336,0.0,,,,,,,2.2813,,20.0,,,,0.0,,,0.0,,20.6915,,,,,,,,,,,,,0.0,,20.0,,0.0,0.0,,,,,0.0,,,Kula,38.7999
19,08-29-CKS-52,Tap Water,8/29/2023 11:42,,-156.30805035512773,20.775317480609505,,,0.0,,,,,33.5458,,,,,,,,,,,,,0.0,,47.8843,,18.3955,20.0,,,,,,20.0,,,,,6.6847,,,,20.3019,0.0,,,,,,,0.0,,20.0,,,,0.0,,,0.0,,21.032,0.0,,,,,,,,,,,,0.0,,20.0,,,0.0,,,,,,,,Kula,54.569
20,08-29-CKS-53,Tap Water,8/29/2023 12:12,,-156.3095464564835,20.77820066488484,,,,,,,,6.8464,,,,,,,,,,,,,,,24.1796,,18.6318,20.0,,,,,,20.0,,,,,4.4572,,,,19.961,0.0,,,,,,,0.0,,20.0,,,,,,,0.0,,21.7236,0.0,,,,,,,,,,,,,,20.0,,,0.0,,,,,0.0,,,Kula,28.6368
21,08-29-CKS-54,Tap Water,8/29/2023 13:57,,-156.30529142588443,20.77693935392649,,,0.0,,,,,7.4621,,,,,,,,,,,,,,,26.5723,,18.8281,20.0,,,,,,20.0,,,,,6.84,,,,20.5741,0.0,,,,,,,2.3281,,20.0,,,,,,,0.0,,21.4767,0.0,,,,,,,,,,,,0.0,,20.0,,,0.0,,,,,0.0,,,Kula,35.740399999999994
22,08-29-CKS-55,Tap Water,8/29/2023 14:14,,-156.30378183806994,20.7810167674056,,,,,,,,21.6226,,,,,,,,,,,,,,0.0,31.8395,,18.44,20.0,,,,,,20.0,,,,,7.3367,,,,20.1373,,,,,,,,2.4234,,20.0,,,,0.0,,,0.0,,21.4974,0.0,,,,,,,,,,,,0.0,,20.0,,,0.0,,,,,0.0,,,Kula,41.5996
23,8-30-23-kellie-1,Tap Water,8/30/2023 11:53,,-156.30342301170865,20.76735084645413,,,0.0,,,,,6.1419,,,,,,,,,,,,,0.0,,38.214,,19.9475,20.0,,,,,,20.0,,,,,4.1027,,,,20.4829,,,,,,,,0.0,,20.0,,,,0.0,,0.0,0.0,,21.9493,0.0,,,,0.0,0.0,,0.0,,,,,0.0,,20.0,,0.0,0.0,,,,0.0,0.0,0.0,0.0,Kula,42.3167
24,8-30-23-kellie-2,Tap Water,8/30/2023 12:37,,-156.3018932968748,20.766098422550343,,,,,,,,29.518,,,,,,,,,,,,,0.0,,28.7934,,19.8168,20.0,,,,,,20.0,,,,,3.7561,,,,19.0501,,,,,0.0,,,0.0,,20.0,,,,0.0,,0.0,,,20.0927,0.0,,,,,0.0,,0.0,,,0.0,,0.0,,20.0,,0.0,0.0,,,,0.0,0.0,0.0,0.0,Kula,32.549499999999995
25,8-30-23-kellie-3,Tap Water,8/30/2023 12:41,,-156.30320460022853,20.766610895747377,,,,,,,,87.7429,,,,,,,,,,,,,,,86.2655,,19.6079,20.0,,,,,,20.0,,,,,6.8312,,,,19.3761,,,,,0.0,,,2.1405,,20.0,,,,0.0,,,0.0,,20.5047,0.0,,,,,0.0,,0.0,,,0.0,,0.0,,20.0,,0.0,0.0,,,,0.0,0.0,0.0,0.0,Kula,95.2372
26,8-30-23-kellie-4,Tap Water,8/30/2023 13:36,,-156.30593022709817,20.76973985521706,,,0.0,,,,,15.4507,,0.0,,,,,,,,4.9808,,,,2.2292,52.5739,,20.9118,20.0,,,,,,20.0,,,,,8.0327,,,,19.8999,,,,,,,,2.0798,,20.0,,,,,,0.0,0.0,,20.1989,0.0,,,,,,,,,,,,0.0,,20.0,,0.0,0.0,,,,0.0,0.0,0.0,0.0,Kula,62.686400000000006
27,8-30-23-kellie-6,Tap Water,8/30/2023 19:07,,-156.31658636670718,20.773113154697,,,0.0,,,,,90.5958,,,,,,,,,,,,,0.0,,47.9583,,20.174,20.0,,,,,,20.0,,,,,5.3901,,,,19.8212,,,,,,,,0.0,,20.0,,,,,,,0.0,,20.7791,,,,,,,,0.0,,,,,0.0,,20.0,,0.0,0.0,,,,0.0,0.0,,0.0,Kula,53.3484
28,09-01-CKS-61,Tap Water,9/1/2023 16:19,,-156.6653821272505,20.88585855630624,0.0,,0.0,,,,,0.0,0.0,,,,,,,,,,,,0.0,,10.7601,,,,,,,,,,,,,,2.4732,,,,,,,,,,,,0.0,,,,,,0.0,,,0.0,,,,,,,,,,,,,,,0.0,,,,0.0,0.0,,,,,,,,Lahaina,13.2333
29,09-01-CKS-62,Tap Water,9/1/2023 16:30,,-156.66399662911093,20.888177305968977,0.0,,0.0,,,,,,0.0,,,,,,,,,,,,1.0367,,19.2347,,,,,,,,,,,,,,7.7422,,,,,0.0,,,,0.0,,,3.2617,,,,,,,,,,,,,,,,,,0.0,,,,,,0.0,,,,0.0,0.0,,,,,,,,Lahaina,30.238599999999998
30,09-01-CKS-63,Tap Water,9/1/2023 17:03,,-156.66128536362226,20.85414651762052,,,0.0,,,,,150.2532,,,,,,,,,,282.9737,,,,189.7993,0.0,,18.9349,20.0,,,,,,20.0,0.0,,,,0.0,,,,20.4706,,,,,,,,0.0,,20.0,,,,,,0.0,5.9081,,20.308,,,,,,,,,,,0.0,,0.0,,20.0,,0.0,0.0,,,,0.0,0.0,0.0,0.0,Lahaina,5.9081
31,9-1-23-Kellie-1,Tap Water,9/1/2023 13:22,,-156.35976418213676,20.711218145153666,,,,,,,,94.3832,,,,,,,,,,,,,,,43.7588,,19.7291,20.0,,,,,,20.0,,,,,8.6495,,,,19.0443,,,,,,,,2.5453,,20.0,,,,,,,0.0,,20.0729,,,,,,,,,,,,,0.0,,20.0,,0.0,0.0,,,,0.0,0.0,,,Kula,54.9536
32,9-1-23-Kellie-2,Tap Water,9/1/2023 14:54,,-156.30411075031125,20.77052937032333,,,0.0,,,,,18.6133,,,,,,,,,,,,,,,22.0473,,20.0434,20.0,,,,,,20.0,,,,,4.981,,,,20.144,0.0,,,,,,,2.0491,,20.0,,,,,,,0.0,,21.3244,,,,,,,,,,,,,0.0,,20.0,,,0.0,,,,0.0,0.0,,0.0,Kula,29.0774
33,9-1-23-Kellie-3,Tap Water,9/1/2023 14:57,,-156.2982020760462,20.770310620424794,,,0.0,,,,,28.1821,,,,,,,,,,,,,,,55.0339,,21.7775,20.0,,,,,,20.0,,,,,8.7142,,,,19.5143,,,,,,,,2.7772,,20.0,,,,,,,0.0,,20.5633,,,,,,,,,,,0.0,,,,20.0,,,0.0,,,,0.0,,,0.0,Kula,66.5253
34,9-8-KDP-1,Tap Water,9/8/2023 14:23,,-156.33009909318957,20.759986490760248,,,,,,,,7.6458,0.0,,,,,,,,,,,,,,47.9921,,19.5819,20.0,,,,,,20.0,,,,,8.4607,,,,19.5898,,,,,0.0,,,2.7339,,20.0,,,,,,,0.0,,19.8693,,,,,,,,,,,,,0.0,,20.0,,0.0,0.0,,,,0.0,,,0.0,Kula,59.1867
35,9-8-KDP-2,Tap Water,9/8/2023 14:33,,-156.32676922787005,20.76268681014842,,,,,,,,18.2349,,,,,,,,,,,,,,,31.3874,,20.885,20.0,,,,,,20.0,,,,,4.4183,,,,19.5321,,,,,0.0,,,0.0,,20.0,,,,,,,0.0,,19.5653,,,,,,,,,,,0.0,,0.0,,20.0,,0.0,0.0,,,,0.0,,0.0,0.0,Kula,35.8057
36,9-8-KDP-3,Tap Water,9/8/2023 14:52,,-156.32698392493475,20.760175204153956,,,0.0,,,,,20.3123,,,,,,,,,,,,,,,32.4315,,19.7154,20.0,,,,,,20.0,,,,,7.4795,,,,19.4828,,,,,,,,2.6985,,20.0,,,,,,,0.0,,19.9036,,,,,,,,,,,0.0,,0.0,,20.0,,,,,,,0.0,,,0.0,Kula,42.6095
37,9-8-KDP-4,Tap Water,9/8/2023 15:10,,-156.3255582532213,20.759599175937065,,,0.0,,,,,33.6507,,,,,,,,,,,,,,,34.4919,,20.4943,20.0,,,,,,20.0,,,,,7.7328,,,,19.2908,,,,,,,,2.8487,,20.0,,,,,,,0.0,,20.6386,,,,,,,,,,,,,0.0,,20.0,,,0.0,,,,0.0,0.0,,,Kula,45.0734
38,09-11-KDP-1,Tap Water,9/11/2023 13:50,,,,,,,,,,,24.9456,0.0,,,,,,,,,,,,0.0,,20.0432,,19.2045,20.0,,,,,,20.0,,,,,3.6099,,,,19.1683,,,,,,,,0.0,,20.0,,,,,,,0.0,,19.6051,,,,,,,,,,,,,0.0,,20.0,,0.0,0.0,,,,,0.0,,,Outside of Boxes,23.6531
39,09-11-KDP-2,Tap Water,9/11/2023 16:16,,-156.32367707511162,20.75831369083726,,,,,,,,42.3797,,,,,,,,,,,,,0.0,,37.7502,,20.4487,20.0,,,,,,20.0,,,,,7.1232,,,,19.576,,,,,,,,2.6906,,20.0,,,,,,,0.0,,19.9825,,,,,,,,,,,0.0,,,,20.0,,,0.0,,,,,,,,Kula,47.564
40,09-11-KDP-3,Tap Water,9/11/2023 16:32,,-156.3254757036579,20.758842263649044,,,0.0,,,,,51.1349,,,,,,,,,,,,,0.0,,22.5192,,20.2085,20.0,,,,,,20.0,,,,,6.7336,,,,19.5877,,,,,,,,3.3846,,20.0,,,,,,,0.0,,20.2621,,,,,,,,,,,,,0.0,,20.0,,,,,,,0.0,,,0.0,Kula,32.6374
41,9-12-CKS-1,Tap Water,9/12/2023 12:22,,-156.67911842981331,20.8987823672568,,,,,,,,35.7756,,,,,,,,,,,,,,,38.878,,20.9446,20.0,,,,,,20.0,,,,,16.8789,,,,19.3825,0.0,,,,0.0,,,7.119,,20.0,,,,0.0,0.0,0.0,0.0,,18.7347,0.0,,,,0.0,0.0,,0.0,,,,,0.0,,20.0,,0.0,0.0,,,,0.0,0.0,0.0,0.0,Lahaina,62.8759
42,9-12-CKS-2,Tap Water,9/12/2023 12:38,,-156.67977962138497,20.899656919534664,,,0.0,,,,,31.6132,,,,,,,,,,,,,,,37.0073,,21.3096,20.0,,,,,,20.0,0.0,,,,14.7643,,,,18.9809,,,,,,,,5.1457,,20.0,,,0.0,0.0,,0.0,0.0,,19.8415,0.0,,,,,,,0.0,,,,,0.0,,20.0,,0.0,0.0,,,,0.0,0.0,0.0,0.0,Lahaina,56.9173
43,9-12-CKS-4,Tap Water,9/12/2023 13:10,,-156.68376897034523,20.899672005436734,,,,,,,,31.4515,0.0,,,,,,,,,,,,,,28.3397,,20.8996,20.0,,,,,,20.0,,,,,12.0447,,,,19.0751,0.0,,,,,,,6.5497,,20.0,,,,0.0,,,3.6203,,19.5626,0.0,,,,,,,,,,,,0.0,,20.0,,0.0,0.0,,,,0.0,0.0,0.0,0.0,Lahaina,50.5544
44,09-12-KDP-1,Tap Water,9/12/2023 13:02,,-156.32309303536053,20.790270265047194,,,,,,,,22.0753,0.0,,,,,,,,,,,,,,15.7895,,19.9875,20.0,,,,,,20.0,,,,,5.6799,,,,20.0022,,,,,,,,3.2107,,20.0,,,,,,,0.0,,18.9565,,,,,,,,0.0,,,,,0.0,,20.0,,0.0,0.0,,,,0.0,0.0,0.0,0.0,Kula,24.6801
45,09-12-KDP-2,Tap Water,9/12/2023 13:42,,-156.31931243931209,20.78602894089597,,,0.0,,,,,12.1531,,,,,,,,,,,,,,0.0,11.0503,,20.8767,20.0,,,,,,20.0,,,,,5.9102,,,,19.6797,,,,,,,,3.9291,,20.0,,,,,,,0.0,,21.0304,0.0,,,,,,,,,,,,0.0,,20.0,,0.0,0.0,,,,0.0,0.0,,0.0,Kula,20.8896
46,09-12-KDP-3,Tap Water,9/12/2023 13:47,,-156.3250199630183,20.794934241699504,,,,,,,,12.9927,,,,,,,,,,,,,,,14.7275,,21.198,20.0,,,,,,20.0,,,,,6.7532,,,,19.9409,,,,,,,,4.2314,,20.0,,,,,,,0.0,,20.0869,,,,,,,,,,,,,0.0,,20.0,,0.0,0.0,,,,0.0,0.0,,0.0,Kula,25.7121
47,9-14-Cks-1,Tap Water,9/14/2023 12:02,,-156.68378150085456,20.882593482710945,,,0.0,,,,,56.2841,,,,,,,,,,,,,0.0,,21.0227,,20.6846,20.0,,,,,,20.0,,,,,12.8865,,,,19.5457,0.0,,,,,,,7.818,,20.0,,,,0.0,,,2.0104,,20.1535,,,,,,,,,,,,,0.0,,20.0,,0.0,0.0,,,,0.0,,0.0,0.0,Lahaina,43.7376
48,9-14-Cks-3,Tap Water,9/14/2023 13:07,,-156.68811590418926,20.899158524830767,,,0.0,,,,,10.8452,,,,,,,,,,,,,,,20.8773,,21.2869,20.0,,,,,,20.0,,,,,12.128,,,,20.0374,0.0,,,,,,,14.7821,,20.0,,,,0.0,,,26.4982,,20.2665,,,,,,,,,,,,,,,20.0,,,0.0,,,,0.0,,,0.0,Lahaina,74.2856
49,9-14-CKS-4,Tap Water,9/14/2023 13:21,,-156.68194952786718,20.899976556157142,,,0.0,,,,,77.3711,,,,,,,,,,,,,0.0,,44.1945,,20.6237,20.0,,,,,,20.0,,,,,19.3194,,,,19.3888,,,,,,,,10.595,,20.0,,,,,,,3.8466,,20.341,,,,,,,,,,,,,0.0,,20.0,,,0.0,,,,0.0,,,,Lahaina,77.9555
50,9-14-Cks-5,Tap Water,9/14/2023 14:23,,-156.6828151437989,20.89935454321592,,,,,,,,26.4427,,,,,,,,,,,,,,,24.7314,,20.3199,20.0,,,,,,20.0,,,,,13.8276,,,,19.075,0.0,,,,,,,11.9015,,20.0,,,,0.0,,,9.065,,19.0455,,,,,,,,,,,,,0.0,,20.0,,,0.0,,,,0.0,,,,Lahaina,59.5255
51,09-14-Cks-6,Tap Water,9/14/2023 14:55,,-156.68766415306206,20.899936747144416,,,0.0,,,,,19.492,,,,,,,,,,,,,,,30.8509,,20.6641,20.0,,,,,,20.0,,,,,16.2542,,,,19.4701,0.0,,,,,,,9.631,,20.0,,,,,,,3.7042,,20.3696,,,,,,,,,,,,,0.0,,20.0,,,0.0,,,,0.0,,,,Lahaina,60.4403
52,09-14-JJ-1,Tap Water,9/14/2023 15:56,,-156.32389196773306,20.817373975073387,,,0.0,,,,,9.9644,0.0,,,,,,,,,,,,,,17.3102,,20.6152,20.0,,,,,,20.0,,,,,0.0,,,,19.169,,,,,,,,0.0,,20.0,,,,,,,0.0,,20.594,,,,,,,,,,,,,0.0,,20.0,,,,,,,0.0,,,0.0,Outside of Boxes,17.3102
53,09-14-JJ-2,Tap Water,9/14/2023 15:59,,-156.32425334272222,20.78511965592109,,,,,,,,44.1191,,,,,,,,,,,,,0.0,,14.9611,,18.9326,20.0,,,,,,20.0,,,,,4.5294,,,,19.4428,,,,,,,,2.0589,,20.0,,,,,,,0.0,,19.9154,,,,,,,,,,,,,0.0,,20.0,,,0.0,,,,,,,0.0,Kula,21.5494
54,9-14-CKS-8,Tap Water,9/14/2023 16:44,,-156.68248492044978,20.901681809567965,,,0.0,,,,,35.0683,0.0,,,,,,,,,,,,,,26.6203,,20.2111,20.0,,,,,,20.0,,,,,15.8895,,,,19.4064,0.0,,,,,,,13.0527,,20.0,,,,,,,9.4304,,20.2513,,,,,,,,,,,,,0.0,,20.0,,,0.0,,,,,,,,Lahaina,64.99289999999999
55,09-14-JJ-3,Tap Water,9/14/2023 17:26,,-156.3224829139055,20.78892643259863,,,,,,,,61.4747,,,,,,,,,,,,,0.0,,7.6791,,19.6886,20.0,,,,,,20.0,,,,,3.2612,,,,19.3417,,,,,,,,0.0,,20.0,,,,,,,0.0,,19.2856,,,,,,,,,,,,,0.0,,20.0,,,,,,,0.0,,,,Kula,10.9403
56,09-14-KDP-1,Tap Water,9/15/2023 11:58,,-156.3367948829959,20.755818128161245,,,,,,,,14.7998,,,,,,,,,,,,,,,7.9832,,19.2717,20.0,,,,,,20.0,,,,,5.5203,,,,20.3921,,,,,,,,4.0771,,20.0,,,,,,,0.0,,19.975,0.0,,,,,,,,,,,,0.0,,20.0,,,0.0,,,,0.0,,0.0,0.0,Kula,17.5806
57,09-14-KDP-2,Tap Water,9/15/2023 12:15,,-156.33655802773964,20.7528669498037,,,,,,,,9.2055,,,,0.0,,,,,,,,,0.0,,28.663,,21.1892,20.0,,,,,,20.0,,,,,4.2163,,,,19.8379,,,,,,,,0.0,,20.0,,,,,,,0.0,,19.7646,,,,,,,,,,,,,0.0,,20.0,,,0.0,,,,0.0,,,0.0,Kula,32.8793
58,09-14-KDP-3,Tap Water,9/15/2023 12:43,,-156.332830485825,20.74942824726691,,,0.0,,,,,9.7513,,,,,,,,,,0.0,,,,2.8817,7.4954,,19.912,20.0,,,,,,20.0,,,,,2.1452,,,,19.4179,0.0,,,,,,,0.0,,20.0,,,,,,,0.0,,19.1818,,,,,,,,,,,,,,,20.0,,,0.0,,,,0.0,,0.0,,Kula,9.6406
59,09-14-KDP-4,Tap Water,9/15/2023 12:55,,-156.32932497191013,20.75177546504493,,,,,,,,10.5962,,,,,,,,,,,,,,,6.5544,,20.2063,20.0,,,,,,20.0,,,,,0.0,,,,19.5798,0.0,,,,,,,0.0,,20.0,,,,,,,0.0,,19.6431,,,,,,,,,,,,,0.0,,20.0,,,,,,,0.0,,0.0,,Kula,6.5544
60,09-14-KDP-5,Tap Water,9/15/2023 13:00,,,,,,,,,,,5.1135,0.0,,,,,,,,,,,,,,38.2884,,20.2911,20.0,,,,,,20.0,,,,,9.7821,,,,19.0423,0.0,,,,,,,4.8183,,20.0,,,,,,,0.0,,19.4591,,,,,,,,,,,,,0.0,,20.0,,,0.0,,,,,,,,Outside of Boxes,52.8888
61,09-18-KDP-1,Tap Water,9/18/2023 4:05,,-156.30610817249118,20.775006220129224,,,0.0,,,,,15.5967,,,,,,,,,,,,,0.0,,27.6707,,20.6393,20.0,,,,,,20.0,,,,,7.4033,,,,19.6638,,,,,,,,3.0427,,20.0,,,,,,,0.0,,20.1884,,,,,,,,,,,,,0.0,,20.0,,,0.0,,,,,,,,Kula,38.1167
62,09-19-KDP-1,Tap Water,9/19/2023 12:25,,-156.32636611961993,20.752472495219237,,,0.0,,,,,9.1831,,0.0,,0.0,,,,,,0.0,,,,109.8697,71.403,,20.731,20.0,,,,,,20.0,,,,,6.9835,,,,19.414,,,,,,,,2.2088,,20.0,,,,,,,0.0,,19.6365,,,,,,,,,,,,,0.0,,20.0,,,0.0,,,,0.0,0.0,,,Kula,80.59530000000001
63,09-19-KDP-3,Tap Water,9/19/2023 13:33,,-156.3038741392996,20.7775222530463,,,,,,,,11.6492,,,,0.0,,,,,,,,,,,12.1458,,20.9937,20.0,,,,,,20.0,,,,,0.0,,,,19.2195,0.0,,,,,,,0.0,,20.0,,,,,,,0.0,,19.4364,,,,,,,,,,,,,,,20.0,,,0.0,,,,0.0,,,,Kula,12.1458
64,09-22-KDP-3,Tap Water,9/22/2023 14:05,,-156.33000051982745,20.742373338296098,,,0.0,,,,,17.6695,,,,0.0,,,,,,,,,,,14.7691,,20.0276,20.0,,,,,,20.0,,,,,0.0,,,,19.4008,,,,,,,,0.0,,20.0,,,,,,,,,20.1784,,,,,,,,,,,,,,,20.0,,,,,,,,,,,Kula,14.7691
65,09-22-KDP-4,Tap Water,9/22/2023 14:47,,-156.30257829316412,20.76082968522613,,,,,,,,0.0,,,,0.0,,,,,,,,,,0.0,11.9323,,21.0073,20.0,,,,,,20.0,,,,,0.0,,,,19.4538,,,,,,,,0.0,,20.0,,,,,,,0.0,,20.3887,,,,,,,,,,,,,,,20.0,,,0.0,,,,,,,,Kula,11.9323
66,09-22-KDP-5,Tap Water,9/22/2023 14:49,,-156.31004634330898,20.776577425494548,,,0.0,,,,,,,,,,,,,,,,,,,,0.0,,20.9837,20.0,,,,,,20.0,,,,,2.0653,,,,19.1111,,,,,,,,4.6744,,20.0,,,,,,,7.3138,,19.681,,,,,,,,,,,,,0.0,,20.0,,,0.0,,,,,,,,Kula,14.0535
67,09-22-KDP-1,Tap Water,9/22/2023 14:50,,-156.30766567249626,20.7761457228626,,,0.0,,,,,6.4024,0.0,,,,,,,,,,,,,11.3352,,,20.698,20.0,,,,,,20.0,,,,,,,,,19.3966,,,,,0.0,,,,,20.0,,,,0.0,,0.0,,,20.7949,0.0,,,,0.0,,,,,,,,0.0,,20.0,,0.0,0.0,,,,0.0,0.0,0.0,0.0,Kula,0.0
68,09-22-KDP-6,Tap Water,9/22/2023 15:10,,-156.30538656426992,20.761088403727516,,,0.0,,,,,13.2604,,,,,,,,,,,,,,0.0,3.1988,,21.9869,20.0,,,,,,20.0,,,,,0.0,,,,19.3216,,,,,,,,,,20.0,,,,,,,,,20.1798,,,,,,,,,,,,,0.0,,20.0,,,,,,,,,,,Kula,3.1988
69,09-22-KDP-7,Tap Water,9/22/2023 15:37,,-156.30943828562022,20.75833437314861,,,0.0,,,,,12.6027,,,,0.0,,,,,,,,,,,74.2369,,21.0003,20.0,,,,,,20.0,,,,,6.9603,,,,19.1547,,,,,,,,2.7307,,20.0,,,,,,,0.0,,20.1098,,,,,,,,,,,,,,,20.0,,,,,,,,,,,Kula,83.92790000000001
70,09-25-KDP-2,Tap Water,9/25/2023 14:30,,-156.30410401457613,20.757248020762564,,,,,,,,,,,,0.0,,,,,,10.0282,,,,12.8605,10.8977,,21.1753,20.0,,,,,,20.0,,,,,0.0,,,,19.5455,0.0,,,,,,,0.0,,20.0,,,,,0.0,0.0,,,20.9139,,,,,,0.0,,,,,,,0.0,,20.0,,0.0,0.0,,,,0.0,0.0,0.0,0.0,Kula,10.8977
71,09-25-KDP-3,Tap Water,9/25/2023 15:10,,-156.311855767127,20.776157989736863,,,0.0,,,,,,,,,,,,,,,,,,,,31.2233,,21.4128,20.0,,,,,,20.0,,,,,8.0684,,,,19.4333,0.0,,,,0.0,,,3.1858,,20.0,,,0.0,0.0,0.0,0.0,0.0,,20.2845,0.0,,,,,,,,,,,,0.0,,20.0,,0.0,0.0,,,,0.0,0.0,0.0,0.0,Kula,42.4775
72,09-26-JI-1,Tap Water,9/26/2023 9:37,,-156.6798058580765,20.90164500256297,,,0.0,,,,,13.2191,,,,,,,,,,,,,,,39.3599,,21.8623,20.0,,,,,,20.0,,,,,16.2939,,,,19.8576,0.0,,,,,,,12.0569,,20.0,,,,0.0,,,7.2331,,20.7074,,,,,,,,,,,,,0.0,,20.0,,,0.0,,,,,,,,Lahaina,74.94380000000001
73,09-26-JI-3,Tap Water,9/26/2023 10:00,,-156.68308214192507,20.899231188997284,,,,,,,,,0.0,,,0.0,,,,,,,,,,,35.7749,,20.9998,20.0,,,,,,20.0,,,,,14.8348,,,,19.7027,0.0,,,,,,,10.5622,,20.0,,,,0.0,,,6.6803,,21.4894,,,,,,,,,,,,,0.0,,20.0,,,0.0,,,,0.0,,,,Lahaina,67.85220000000001
74,09-26-JI-4,Tap Water,9/26/2023 10:10,,-156.6826483035621,20.89946954237238,,,,,,,,,0.0,,,0.0,,,,,,,,,,,35.4002,,20.7991,20.0,,,,,,20.0,,,,,15.3078,,,,20.1794,0.0,,,,,,,11.2005,,20.0,,,,0.0,,,8.0116,,22.0885,,,,,,,,,,,,,,,20.0,,,0.0,,,,0.0,,,,Lahaina,69.92009999999999
75,09-26-JI-5,Tap Water,9/26/2023 10:22,,-156.68171666723208,20.902454047252984,,,0.0,,,,,5.1842,,,,,,,,,,,,,,,45.0083,,21.076,20.0,,,,,,20.0,,,,,17.1247,,,,19.2227,0.0,,,,,,,10.2074,,20.0,,,,0.0,,,4.4864,,20.1581,,,,,,,,,,,,,0.0,,20.0,,,0.0,,,,0.0,,,0.0,Lahaina,76.82679999999999
76,09-26-JI-6,Tap Water,9/26/2023 10:32,,-156.6828762046403,20.900859625245687,,,,,,,,8.4825,0.0,,,,,,,,,,,,,,45.5372,,20.1569,20.0,,,,,,20.0,,,,,3.054,,,,19.6523,,,,,,,,2.2391,,20.0,,,,0.0,,,2.3477,,19.9472,,,,,,,,,,,,,0.0,,20.0,,0.0,0.0,,,,0.0,0.0,,,Lahaina,53.178
77,9-26-JES-2,Tap Water,9/26/2023 14:08,,-156.684703029343,20.956121861057326,,,0.0,,,,,4.3823,,,,,,,,,,,,,,0.0,0.0,,21.2651,20.0,,,,,,20.0,,,,,0.0,,,,19.3564,0.0,,,,,,,0.0,,20.0,,,0.0,0.0,0.0,,2.5339,,20.6464,,,,,,,,,,,,,,,20.0,,,0.0,,,,,,,,Outside of Boxes,2.5339
78,09-26-KDP-1,Tap Water,9/26/2023 14:20,,-156.30522978863004,20.759231884832637,,,,,,,,12.403,,,,,,,,,,,,,,,3.8735,,19.8337,20.0,,,,,,20.0,,,,,,,,,19.6829,,,,,0.0,,,,,20.0,,,,0.0,,,,,20.6288,,,,,,,,,,,0.0,,0.0,,20.0,,0.0,0.0,,,,0.0,0.0,0.0,0.0,Kula,3.8735
79,09-26-KDP-2,Tap Water,9/26/2023 16:25,,-156.31295924976445,20.779615149567807,,,,,,,,6.9647,0.0,,,0.0,,,,,,,,,0.0,,62.9747,,21.69,20.0,,,,,,20.0,,,,,7.728,,,,19.482,,,,,,,,2.0611,,20.0,,,,0.0,,,0.0,,20.7535,,,,,,,,,,,,,0.0,,20.0,,,0.0,,,,,,,0.0,Kula,72.7638
80,09-27-KDP-1,Tap Water,9/27/2023 16:33,,-156.3316149091942,20.74394816196412,,,0.0,,,,,,,,,,,,,,,,,,,,3.9108,,20.7664,20.0,,,,,,20.0,,,,,0.0,,,,19.7897,,,,,,,,,,20.0,,,,,,,,,20.9709,,,,,,,,,,,,,0.0,,20.0,,,0.0,,,,,,0.0,,Kula,3.9108
81,09-27-KDP-3,Tap Water,9/27/2023 16:37,,-156.31042821889113,20.78218790893838,,,,,,,,6.9206,,,,0.0,,,,,,,,,,,29.3274,,20.9009,20.0,,,,,,20.0,,,,,6.3591,,,,20.0612,0.0,,,,,,,2.0104,,20.0,,,,0.0,,,0.0,,21.0018,,,,,,,,,,,0.0,,,,20.0,,,,,,,0.0,,,,Kula,37.6969
82,09-27-KDP-6,Tap Water,9/27/2023 16:51,,-156.30776961402347,20.7810394608859,,,,,,,,22.9134,0.0,,,0.0,,,,,,0.0,,,0.0,,45.3442,,21.0833,20.0,,,,0.0,,20.0,,,,,4.2346,,,,19.8943,0.0,,,,,,,0.0,,20.0,,,,,,,0.0,,20.6536,,,,,,,,,,,,,,,20.0,,,,,,,0.0,,,,Kula,49.5788
83,09-27-KDP-8,Tap Water,9/27/2023 17:14,,-156.3085196144202,20.774053945513472,,,,,,,,,0.0,,,0.0,,,,,,,,,0.0,,29.6341,,20.2441,20.0,,,,,,20.0,,,,,4.8554,,,,19.9132,0.0,,,,,,,0.0,,20.0,,,,0.0,,,0.0,,20.9248,,,,,,,,,,,,,,,20.0,,,,,,,,,,,Kula,34.4895
84,09-27-KDP-7,Tap Water,9/27/2023 18:04,,-156.3097899247755,20.77728395969657,,,,,,,,,,,,0.0,,,,,,,,,,,31.4044,,21.0274,20.0,,,,,,20.0,,,,,5.5091,,,,19.3893,0.0,,,,,,,0.0,,20.0,,,0.0,0.0,,,0.0,,21.3589,,,,,,,,,,,0.0,,,,20.0,,,,,,,0.0,,0.0,,Kula,36.9135
85,09-27-KDP-9,Tap Water,9/27/2023 18:06,,-156.31233328788517,20.776262641054075,,,,,,,,7.4535,,,,0.0,,,,,,0.0,,,0.0,0.0,45.357,,19.9377,20.0,,,,,,20.0,,,,,5.2886,,,,19.8307,,,,,,,,0.0,,20.0,,,,0.0,,,0.0,,21.0883,,,,,,,,,,,,,0.0,,20.0,,,0.0,,,,0.0,,,0.0,Kula,50.6456
86,09-27-KDP-10,Tap Water,9/27/2023 18:10,,-156.30930703631782,20.77629332802315,,,,,,,,0.0,,,,,,,,,,,,,,,29.75,,20.5116,20.0,,,,,,20.0,,,,,6.1143,,,,19.2575,0.0,,,,,,,0.0,,20.0,,,,0.0,,,0.0,,20.9867,,,,,,,,,,,0.0,,,,20.0,,,,,,,,,0.0,,Kula,35.8643
87,10-02-23-JI-01,Tap Water,10/2/2023 11:20,,-156.68505719802187,20.900247217047827,,,0.0,,,,,19.9001,0.0,,,,,,,,,,,,,,29.9544,,20.1651,20.0,,,,,,20.0,,,,,14.2141,,,,20.4811,0.0,,,,,,,12.6606,,20.0,,,,0.0,,,11.0816,,21.0942,,,,,,,,,,,0.0,,0.0,,20.0,,,,,,,0.0,,0.0,0.0,Lahaina,67.91069999999999
88,10-02-23-JI-02,Tap Water,10/2/2023 11:35,,-156.6836564186129,20.9012907164935,,,0.0,,,,,17.3977,0.0,,,,,,,,,,,,,,31.8031,,20.7611,20.0,,,,,,20.0,,,,,14.7462,,,,19.8492,0.0,,,,0.0,,,12.606,,20.0,,,,0.0,,,10.4679,,20.5743,,,,,,,,,,,,,0.0,,20.0,,,0.0,,,,0.0,,,0.0,Lahaina,69.6232
89,10-02-23-JI-03,Tap Water,10/2/2023 11:51,,-156.68027978376273,20.90179632924139,,,0.0,,,,,25.0865,0.0,,,,,,,,,,,,,,34.1916,,20.2227,20.0,,,,,,20.0,,,,,15.3867,,,,19.8597,0.0,,,,,,,12.1093,,20.0,,,,0.0,,,8.0733,,20.7922,,,,,,,,,,,,,,,20.0,,,0.0,,,,0.0,0.0,,,Lahaina,69.76089999999999
90,10-02-KDP-1,Tap Water,10/2/2023 15:20,,-156.3081030999486,20.78021303973954,,,0.0,,,,,6.4531,0.0,,,0.0,,,,,,,,,0.0,,41.194,,21.2984,20.0,,,,,,20.0,,,,,4.8756,,,,19.4641,,,,,,,,0.0,,20.0,,,,0.0,,,0.0,,20.618,0.0,,,,,,,0.0,,,,,0.0,,20.0,,0.0,0.0,,,,0.0,0.0,0.0,0.0,Kula,46.0696
91,10-02- KDP-4,Tap Water,10/2/2023 16:12,,-156.30570531655928,20.77460857909271,,,,,,,,8.7509,0.0,,,,,,,,,,,,,,43.5208,,21.5026,20.0,,,,,,20.0,,,,,5.8847,,,,19.6206,,,,,0.0,,,0.0,,20.0,,,,0.0,,0.0,0.0,,20.5542,,,,,,,,,,,0.0,,0.0,,20.0,,0.0,0.0,,,,0.0,,,0.0,Kula,49.4055
92,10-02-KDP-6,Tap Water,10/2/2023 16:49,,-156.3183888069231,20.783052982133896,,,,,,,,16.7863,0.0,,,,,,,,,,,,,,33.4206,,20.6859,20.0,,,,,,20.0,,,,,5.3209,,,,20.5768,,,,,,,,0.0,,20.0,,,,,,,0.0,,20.8504,,,,,,,,,,,,,0.0,,20.0,,0.0,0.0,,,,0.0,0.0,0.0,0.0,Kula,38.7415
93,10-2-KDP-8,Tap Water,10/2/2023 17:05,,-156.31910102758934,20.77958289882946,,,0.0,,,,,,0.0,,,0.0,,,,,,,,,,,36.9577,,20.1807,20.0,,,,,,20.0,,,,,3.4838,,,,20.2445,,,,,,,,0.0,,20.0,,,,,,,0.0,,20.0197,,,,,,,,,,,0.0,,0.0,,20.0,,0.0,0.0,,,,0.0,0.0,0.0,0.0,Kula,40.441500000000005
94,10-02-KDP-9,Tap Water,10/2/2023 17:18,,-156.31991673932856,20.78204116827355,,,0.0,,,,,29.1084,,,,0.0,,,,,,0.0,,,0.0,0.0,46.8263,,20.1544,20.0,,,,,,20.0,,,,,4.946,,,,20.2609,0.0,,,,,,,0.0,,20.0,,,,,,,0.0,,20.7332,,,,,,,,,,,0.0,,0.0,,20.0,,0.0,0.0,,,,0.0,,0.0,,Kula,51.7723
95,10-02-KDP-10,Tap Water,10/2/2023 18:39,,-156.30056951095952,20.77876187552372,,,0.0,,,,,33.9091,0.0,,,,,,,,,,,,0.0,,44.6607,,20.5387,20.0,,,,,,20.0,,,,,5.2377,,,,20.0184,,,,,,,,0.0,,20.0,,,,,,0.0,0.0,,20.5659,,,,,,,,,,,,,0.0,,20.0,,,0.0,,,,0.0,,,,Kula,49.898399999999995
96,10-03-23-JI-01,Tap Water,10/3/2023 10:55,,-156.68175077921893,20.89907455323015,,,0.0,,,,,52.5921,0.0,,,0.0,,,,,,,,,,,46.1346,,21.8869,20.0,,,,,,20.0,,,,,14.9655,,,,20.2991,0.0,,,,,,,5.3709,,20.0,,,,0.0,,,0.0,,21.2009,,,,,,,,0.0,,,0.0,,0.0,,20.0,,0.0,0.0,,,,0.0,0.0,0.0,0.0,Lahaina,66.471
97,10-03-23-JI-02,Tap Water,10/3/2023 11:12,,-156.6816816577668,20.902004807393123,,,0.0,,,,,74.8581,,,,,,,,,,0.0,,,,,51.2503,,21.1674,20.0,,,,,,20.0,,,,,7.3984,,,,20.3216,0.0,,,,,,,7.4977,,20.0,,,,0.0,,,10.2007,,20.6443,,,,,,,,,,,,,0.0,,20.0,,0.0,0.0,,,,0.0,,,,Lahaina,76.34710000000001
98,10-03-23-JI-03,Tap Water,10/3/2023 11:25,,-156.67944332271688,20.898360665651715,,,0.0,,,,,29.1338,0.0,,,0.0,,,,,,,,,,,42.0963,,20.1364,20.0,,,,,,20.0,,,,,14.5841,,,,20.1978,0.0,,,,,,,5.7177,,20.0,,,,,,,0.0,,20.6896,,,,,,,,,,,,,0.0,,20.0,,0.0,0.0,,,,0.0,,,,Lahaina,62.3981
99,10-03-23-JI-04,Tap Water,10/3/2023 11:38,,-156.67898149423291,20.899377939660877,,,0.0,,,,,18.2659,,,,,,,,,,,,,,0.0,45.144,,20.9134,20.0,,,,,,20.0,,,,,16.6517,,,,20.1808,0.0,,,,,,,7.9212,,20.0,,,,,,,0.0,,21.3314,,,,,,,,,,,,,0.0,,20.0,,0.0,0.0,,,,,0.0,,,Lahaina,69.7169
100,10-03-23-Jl-05,Tap Water,10/3/2023,,-156.68302017912282,20.90178921820572,,,0.0,,,,,16.6751,,,,,,,,,,,,,,,47.3547,,21.3041,20.0,,,,,,20.0,,,,,16.1942,,,,20.062,0.0,,,,,,,6.492,,20.0,,,,,,,0.0,,21.1308,,,,,,,,,,,,,0.0,,20.0,,,0.0,,,,0.0,,,0.0,Lahaina,70.0409
101,10-03-JES-5,Tap Water,10/3/2023 11:46,,-156.6835456540665,20.96176953145669,,,0.0,,,,,9.1156,0.0,,,,,,,,,,,,,,20.9921,,21.3255,20.0,,,,,,20.0,,,,,7.0426,,,,19.9674,0.0,,,,,,,4.131,,20.0,,,,,,,6.7671,,21.4896,,,,,,,,,,,0.0,,0.0,,20.0,,,0.0,,,,,,0.0,,Outside of Boxes,38.9328
102,10-03-JES-6,Tap Water,10/3/2023 12:09,,-156.67145448574362,20.985758201697397,,,,,,,,18.4111,0.0,,,,,,,,,,,,,,0.0,,20.7784,20.0,,,,,,20.0,,,,,0.0,,,,20.4846,0.0,,,,,,,0.0,,20.0,,,,0.0,,,4.7371,,20.9832,,,,,,,,,,,,,,,20.0,,,0.0,,,,0.0,,,,Outside of Boxes,4.7371
103,10-03-JES-9,Tap Water,10/3/2023 13:06,,-156.65913872363944,20.98562093979735,,,0.0,,,,,18.0431,0.0,,,,,,,,,,,,,,0.0,,21.3343,20.0,,,,,,20.0,,,,,0.0,,,,19.9502,0.0,,,,,,,8.7214,,20.0,,,,0.0,,,33.9244,,21.163,,,,,,,,,,,0.0,,,,20.0,,,,,,,,,0.0,,Outside of Boxes,42.645799999999994
104,10-03-JES-10,Tap Water,10/3/2023 14:01,,-156.63588026811075,20.85105223433993,,,0.0,,,,,9.6893,,,,,,,,,,,,,,,,,20.1341,20.0,,,,,,20.0,,,,,,,,,19.6919,0.0,,,,,,,0.0,,20.0,,,,,,,5.5504,,20.9188,,,,,,,,,,,,,,,20.0,,,0.0,,,,,,,0.0,Outside of Boxes,5.5504
105,10-03-JES-13,Tap Water,10/3/2023 14:30,,-156.63172079542358,20.85297892554815,,,,,,,,12.6889,0.0,,,,,,,,,,,,,,,,20.8549,20.0,,,,,,20.0,,,,,,,,,20.0018,0.0,,,,,,,0.0,,20.0,,,,,,,5.4084,,20.454,,,,,,,,,,,,,0.0,,20.0,,,0.0,,,,,,,,Outside of Boxes,5.4084
106,10-03-JES-14,Tap Water,10/3/2023 15:07,,-156.6761080532745,20.877280062685948,,,0.0,,,,,10.6154,,,,,,,,,,,,,,0.0,,,20.6917,20.0,,,,,,20.0,,,,,0.0,,,,19.7421,0.0,,,,,,,0.0,,20.0,,,,,,,6.9138,,21.1859,,,,,,,,,,,,,0.0,,20.0,,,0.0,,,,0.0,,,,Lahaina,6.9138
107,10-03-JES-16,Tap Water,10/3/2023 16:24,,-156.68492980998806,20.947448036232977,,,,,,,,10.4144,0.0,,,,,,,,,,,,,,40.3645,,21.0735,20.0,,,,,,20.0,,,,,11.5777,,,,20.0621,0.0,,,,,,,2.8949,,20.0,,,,,,,0.0,,20.4329,,,,,,,,,,,,,,,20.0,,,,,,,,,0.0,0.0,Outside of Boxes,54.8371
108,10-04-JES-19,Tap Water,10/4/2023 10:17,,-156.68957799071438,20.94909293761952,,,,,,,,34.7213,,,,0.0,,,,,,,,,0.0,,47.1421,,20.5392,20.0,,,,,,20.0,,,,,12.2144,,,,19.6709,0.0,,,,,,,2.6545,,20.0,,,,,,,0.0,,20.2689,,,,,,,,,,,,,,,20.0,,,0.0,,,,,,,,Outside of Boxes,62.010999999999996
109,10-04-JES-21,Tap Water,10/4/2023 11:01,,-156.67905038686746,20.902172869582746,,,0.0,,,,,16.2398,0.0,,,,,,,,,,,,,,44.9127,,20.7435,20.0,,,,,,20.0,,,,,14.8015,,,,20.0974,0.0,,,,,,,5.0307,,20.0,,,,0.0,,0.0,0.0,,21.1874,,,,,,,,,,,,,,,20.0,,,0.0,,,,,,,,Lahaina,64.7449
110,10-04-JES-22,Tap Water,10/4/2023 12:11,,-156.67962884880956,20.886943984647267,,,0.0,,,,,36.2476,,,,,,,,,,,,,0.0,,17.5941,,20.463,20.0,,,,,,20.0,,,,,7.5303,,,,19.9997,0.0,,,,,,,2.9958,,20.0,,,,0.0,,,0.0,,21.4232,,,,,,,,,,,0.0,,0.0,,20.0,,,,,,,,,,,Lahaina,28.1202
111,10-04-JES-25,Tap Water,10/4/2023 13:12,,-156.63842594566782,20.84324266214437,,,,,,,,6.0778,0.0,,,,,,,,,,,,,,,,21.3647,20.0,,,,,,20.0,,,,,0.0,,,,20.4382,0.0,,,,,,,0.0,,20.0,,,,,,,9.4699,,20.7942,,,,,,,,,,,,,,,20.0,,,,,,,,,,,Outside of Boxes,9.4699
112,10-04-KDP-1,Tap Water,10/4/2023 13:24,,-156.31506063721784,20.78387492033688,,,,,,,,,0.0,,,0.0,,,,,,0.0,,,0.0,0.0,33.6554,,20.6346,20.0,,,,,,20.0,,,,,4.4758,,,,20.0057,,,,,,,,0.0,,20.0,,,,,0.0,0.0,,,20.7287,0.0,,,,0.0,,,,,,,,0.0,,20.0,,0.0,0.0,,,,0.0,0.0,0.0,0.0,Kula,38.1312
113,10-04-KDP-3,Tap Water,10/4/2023 14:36,,-156.3245231822795,20.79238304360185,,,0.0,,,,,26.8618,0.0,,,0.0,,,,,,,,,0.0,,32.8338,,20.2569,20.0,,,,,,20.0,,,,,4.2682,,,,19.3777,,,,,,,,0.0,,20.0,,,,,,,0.0,,20.6476,,,,,,,,,,,,,0.0,,20.0,,0.0,0.0,,,,0.0,0.0,0.0,0.0,Kula,37.102
114,10-04-KDP-4,Tap Water,10/4/2023 14:38,,-156.304242936401,20.777183527677145,,,0.0,,,,,8.5489,0.0,,,0.0,,,,,,,,,,,45.6448,,20.7978,20.0,,,,,,20.0,,,,,2.8623,,,,20.1049,0.0,,,,,,,0.0,,20.0,,,,,,,0.0,,21.3429,,,,,,,,,,,,,0.0,,20.0,,0.0,0.0,,,,0.0,,0.0,0.0,Kula,48.507099999999994
115,10-04-JES-26,Tap Water,10/4/2023 15:07,,-156.66726680928178,20.88402894349716,,,,,,,,21.2511,0.0,,,,,,,,,,,,,,16.6584,,21.797,20.0,,,,,,20.0,,,,,7.7653,,,,20.1505,0.0,,,,,,,3.1568,,20.0,,,,0.0,,,0.0,,21.0616,,,,,,,,,,,0.0,,0.0,,20.0,,,0.0,,,,,,,,Lahaina,27.5805
116,10-04-KDP-5,Tap Water,10/4/2023 15:16,,-156.30961047070096,20.77904691481191,,,0.0,,,,,18.0799,,,,0.0,,,,,,,,,0.0,,47.0004,,20.5166,20.0,,,,,,20.0,,,,,4.2557,,,,19.9881,,,,,,,,0.0,,20.0,,,,,,,0.0,,20.6707,,,,,,,,,,,,,0.0,,20.0,,0.0,0.0,,,,0.0,0.0,,0.0,Kula,51.256099999999996
117,10-04-KDP-7,Tap Water,10/4/2023 15:19,,-156.3171205355487,20.783717039518955,,,,,,,,24.6733,0.0,,,0.0,,,,,,,,,,,38.0363,,21.9073,20.0,,,,,,20.0,,,,,5.0456,,,,19.7201,0.0,,,,,,,0.0,,20.0,,,,,,,0.0,,21.3475,,,,,,,,,,,,,0.0,,20.0,,,0.0,,,,0.0,,,,Kula,43.0819
118,10-9-23-JI-01,Tap Water,10/9/2023 9:29,,-156.66720546824237,20.884359471292942,,,0.0,,,,,6.1333,0.0,,,,,,,,,,,,,,7.3979,,20.7408,20.0,,,,,,20.0,,,,,5.8607,,,,20.2983,0.0,,,,0.0,,,2.9912,,20.0,,,,0.0,0.0,0.0,0.0,,20.3644,0.0,,,,0.0,0.0,,0.0,0.0,,0.0,,0.0,,20.0,,0.0,0.0,,,,0.0,0.0,0.0,0.0,Lahaina,16.2498
119,10-9-23-JI-02,Tap Water,10/9/2023 10:04,,-156.6848553361539,20.901375867874336,,,0.0,,,,,13.3334,0.0,,,0.0,,,,,,,,,0.0,,40.0372,,21.066,20.0,,,,,,20.0,,,,,15.3096,,,,19.2744,0.0,,,,0.0,,,4.6887,,20.0,,,,0.0,,0.0,0.0,,20.1906,0.0,,,,,0.0,,0.0,,,0.0,,0.0,,20.0,,0.0,0.0,,,,0.0,0.0,0.0,0.0,Lahaina,60.0355
120,10-9-23-JI-03,Tap Water,10/9/2023 10:27,,-156.6844397739525,20.89897977209137,,,0.0,,,,,6.1811,0.0,,,,,,,,,,,,,,40.1379,,20.6819,20.0,,,,,,20.0,0.0,,,,14.3678,,,,19.3537,0.0,,,,0.0,,,4.3569,,20.0,,,0.0,0.0,,0.0,0.0,,19.663,0.0,,,,0.0,,,0.0,,,0.0,,0.0,,20.0,,0.0,0.0,,,,0.0,0.0,0.0,0.0,Lahaina,58.8626
121,10-9-23-JI-04,Tap Water,10/9/2023 10:51,,-156.6800713353857,20.90334551861222,,,0.0,,,,,8.242,,,,,,,,,,,,,,,43.2032,,20.9672,20.0,,,,,,20.0,0.0,,,,16.6781,,,,19.8682,0.0,,,,0.0,,,5.639,,20.0,,,,0.0,,,0.0,,20.571,0.0,,,,,0.0,,0.0,,,0.0,,0.0,,20.0,,0.0,0.0,,,,0.0,0.0,0.0,0.0,Lahaina,65.5203
122,10-3-23-JI-05,Tap Water,10/9/2023 11:44,,-156.67916124024188,20.902366634999733,,,0.0,,,,,9.4437,0.0,,,0.0,,,,,,,,,,,37.951,,20.2363,20.0,,,,,,20.0,0.0,,,,14.5524,,,,19.602,0.0,,,,0.0,,,4.724,,20.0,,,,0.0,,0.0,0.0,,19.9259,0.0,,,,,,,0.0,,,,,0.0,,20.0,,0.0,0.0,,,,0.0,0.0,0.0,0.0,Lahaina,57.2274
123,10-10-23-JI-01,Tap Water,10/10/2023 8:09,,-156.68249377880284,20.903485596950997,,,,,,,,25.4181,0.0,,,,0.0,,,,,,,,,,42.5147,,20.3913,20.0,,,,,,20.0,0.0,,,,15.5209,,,,18.9459,0.0,,,,0.0,,,7.0789,,20.0,,,,0.0,0.0,0.0,0.0,,19.8513,0.0,,,,0.0,0.0,,0.0,0.0,,0.0,,0.0,,20.0,,0.0,0.0,,,,0.0,0.0,0.0,0.0,Lahaina,65.11449999999999
124,10-10-23-JI-02,Tap Water,10/10/2023 8:22,,-156.68278633883435,20.89829713927684,,,0.0,,,,,23.2717,0.0,,,0.0,,,,,,,,,,,62.9478,,20.2792,20.0,,,,,,20.0,,,,,18.78,,,,19.0285,0.0,,,,0.0,,,7.0219,,20.0,,,,0.0,,0.0,0.0,,20.4703,0.0,,,,0.0,0.0,,0.0,0.0,,0.0,,0.0,,20.0,,0.0,0.0,,,,0.0,0.0,0.0,0.0,Lahaina,88.7497
125,10-10-23-JI-03,Tap Water,10/10/2023 8:31,,-156.67811782091087,20.901598179091643,,,0.0,,,,,36.8503,0.0,,,0.0,,,,,,,,,,,50.2325,,20.8532,20.0,,,,,,20.0,,,,,18.2568,,,,19.5003,0.0,,,,0.0,,,8.5465,,20.0,,,,0.0,0.0,0.0,1.117,,20.1196,0.0,,,,,0.0,,0.0,0.0,,0.0,,0.0,,20.0,,0.0,0.0,,,,0.0,0.0,0.0,0.0,Lahaina,78.1528
126,10-10-23-JI-04,Tap Water,10/10/2023 8:48,,-156.67674405993236,20.879582083523637,,,0.0,,,,,41.2477,0.0,,,,,,,,,,,,,,39.1619,,20.6102,20.0,,,,,,20.0,,,,,14.5607,,,,19.0098,0.0,,,,,,,5.9214,,20.0,,,,0.0,,0.0,0.0,,20.2598,0.0,,,,,,,0.0,,,0.0,,0.0,,20.0,,0.0,0.0,,,,0.0,0.0,0.0,0.0,Lahaina,59.644000000000005
127,10-10-23-JI-05,Tap Water,10/10/2023 9:13,,-156.6824287954716,20.899398109852296,,,0.0,,,,,52.8314,0.0,,,,,,,,,,,,,,34.177,,20.7877,20.0,,,,,,20.0,,,,,12.5401,,,,19.3569,0.0,,,,0.0,,,4.5691,,20.0,,,,0.0,,0.0,0.0,,20.6587,0.0,,,,,0.0,,,,,0.0,,0.0,,20.0,,0.0,0.0,,,,0.0,0.0,0.0,0.0,Lahaina,51.2862
128,10-12-23-JI-01,Tap Water,10/12/2023 12:09,,-156.6795360079271,20.90235937107629,,,0.0,,,,,21.6683,0.0,,,,,,,,,,,,,,32.1047,,20.715,20.0,,,,,,20.0,,,,,13.0497,,,,19.4198,0.0,,,,0.0,,,5.33,,20.0,,,,0.0,0.0,,0.0,,20.4922,0.0,,,,,,,0.0,,,0.0,,0.0,,20.0,,0.0,0.0,,,,0.0,0.0,0.0,0.0,Lahaina,50.4844
129,10-12-23-JI-02,Tap Water,10/12/2023 12:23,,-156.68208693833765,20.90116364641351,,,0.0,,,,,28.206,0.0,,,0.0,,,,,,,,,,,31.3511,,20.9483,20.0,,,,,,20.0,,,,,13.0393,,,,19.5219,0.0,,,,,,,4.8862,,20.0,,,,0.0,,0.0,0.0,,21.2655,0.0,,,,,,,,,,0.0,,0.0,,20.0,,0.0,0.0,,,,0.0,0.0,0.0,0.0,Lahaina,49.2766
130,10-12-23-JI-03,Tap Water,10/12/2023 12:31,,-156.68396019779937,20.90050847458324,,,0.0,,,,,25.5856,0.0,,,,,,,,,,,,,,29.0068,,20.4983,20.0,,,,,,20.0,,,,,11.6895,,,,19.4815,0.0,,,,0.0,,,4.3668,,20.0,,,,0.0,,,0.0,,20.0697,0.0,,,,,,,0.0,,,0.0,,0.0,,20.0,,0.0,0.0,,,,0.0,0.0,0.0,0.0,Lahaina,45.0631
131,10-12-23-JI-04,Tap Water,10/12/2023 12:53,,-156.68245403108236,20.898972828536664,,,0.0,,,,,27.029,,,,,,,,,,,,,,,31.2316,,20.8187,20.0,,,,,,20.0,,,,,12.1207,,,,19.2194,0.0,,,,,,,4.9497,,20.0,,,,0.0,,,0.0,,20.6332,,,,,,,,,,,0.0,,0.0,,20.0,,0.0,0.0,,,,0.0,0.0,0.0,0.0,Lahaina,48.302
132,10-13-23-JI-01,Tap Water,10/13/2023 8:06,,-156.67883213853136,20.89892045732548,,,0.0,,,,,9.2156,0.0,,,0.0,,,,,,,,,,,32.2953,,20.6174,20.0,,,,,,20.0,,,,,13.6753,,,,19.2985,0.0,,,,0.0,,,5.9481,,20.0,,,,0.0,,0.0,0.0,,21.0892,0.0,,,,,,,,,,,,0.0,,20.0,,0.0,0.0,,,,0.0,0.0,0.0,0.0,Lahaina,51.9187
133,10-13-23-JI-02,Tap Water,10/13/2023 8:29,,-156.684016195428,20.902312184130626,,,0.0,,,,,22.6879,0.0,,,0.0,,,,,,,,,,,33.9222,,20.5277,20.0,,,,,,20.0,,,,,14.0872,,,,18.9934,0.0,,,,0.0,,,5.8573,,20.0,,,,0.0,,,0.0,,20.4222,0.0,,,,,0.0,,,,,,,0.0,,20.0,,0.0,0.0,,,,0.0,0.0,0.0,0.0,Lahaina,53.866699999999994
134,10-13-23-JI-03,Tap Water,10/13/2023 8:48,,-156.68046399572364,20.889277232186373,,,0.0,,,,,12.4882,0.0,,,,,,,,,,,,,,18.9978,,21.2877,20.0,,,,,,20.0,,,,,9.1606,,,,19.3983,0.0,,,,0.0,,,4.8872,,20.0,,,,0.0,0.0,,1.1173,,21.9533,0.0,,,,,,,,,,,,0.0,,20.0,,0.0,0.0,,,,0.0,0.0,,0.0,Lahaina,34.1629
135,10-13-23-JI-04,Tap Water,10/13/2023 9:31,,-156.6655184674923,20.885717651511477,,,0.0,,,,,18.9793,0.0,,,0.0,,,,,,,,,,,5.631,,20.0872,20.0,,,,,,20.0,,,,,5.0128,,,,18.913,0.0,,,,,,,3.5476,,20.0,,,,0.0,,,0.0,,20.2935,0.0,,,,,,,,,,0.0,,0.0,,20.0,,0.0,0.0,,,,0.0,0.0,0.0,,Lahaina,14.191400000000002
136,10-13-23-JI-05,Tap Water,10/13/2023 9:33,,-156.66433462725746,20.88620487674171,,,0.0,,,,,11.5275,0.0,,,0.0,,,,,,,,,,,4.7656,,20.0909,20.0,,,,,,20.0,,,,,4.3663,,,,19.1809,0.0,,,,,,,3.1317,,20.0,,,,0.0,,,0.0,,20.9804,,,,,,,,,,,0.0,,0.0,,20.0,,0.0,0.0,,,,0.0,,,0.0,Lahaina,12.2636
137,10-17-KDP-1,Tap Water,10/17/2023 14:33,,-156.3131021184972,20.762051490828465,,,0.0,,,,,8.9909,0.0,,,,,,,,,,,,,,51.3046,,19.8358,20.0,,,,,,20.0,,,,,3.4492,,,,20.2657,0.0,,,,0.0,,,0.0,,20.0,,,,0.0,,0.0,0.0,,20.0671,0.0,,,,0.0,,,0.0,,,0.0,,0.0,,20.0,,0.0,0.0,,,,0.0,0.0,0.0,0.0,Kula,54.7538
138,10-17-KDP-2,Tap Water,10/17/2023 14:48,,-156.30502895690674,20.762765761600782,,,0.0,,,,,2.8073,,,,0.0,,,,,,,,,,,4.4091,,19.8723,20.0,,,,,,20.0,,,,,0.0,,,,19.6755,0.0,,,,0.0,,,0.0,,20.0,,,,0.0,,,,,20.2375,,,,,,,,0.0,,,,,0.0,,20.0,,0.0,0.0,,,,0.0,0.0,0.0,0.0,Kula,4.4091
139,10-17-JES-01,Tap Water,10/17/2023 16:12,,-156.68046387415356,20.898788310990533,,,0.0,,,,,4.7825,,,,0.0,,,,,,,,,0.0,,29.7458,,20.3405,20.0,,,,,,20.0,,,,,9.7713,,,,20.0861,0.0,,,,0.0,,,5.8474,,20.0,,,,0.0,,,3.7752,,21.0978,,,,,,,,,,,,,,,20.0,,,0.0,,,,0.0,0.0,,,Lahaina,49.139700000000005
140,10-17-KDP-4,Tap Water,10/17/2023 16:34,,-156.29903019278458,20.76898074400296,,,0.0,,,,,9.4004,0.0,,,,,,,,,,,,,,1.9854,,20.3276,20.0,,,,,,20.0,,,,,,,,,19.8936,0.0,,,,,,,,,20.0,,,,0.0,,,,,20.8666,,,,,,,,,,,,,0.0,,20.0,,0.0,0.0,,,,0.0,0.0,0.0,0.0,Kula,1.9854
141,10-17-JES-03,Tap Water,10/17/2023 17:18,,-156.6814254983103,20.901984228656083,,,0.0,,,,,2.8262,,,,0.0,,,,,,,,,0.0,0.0,46.1866,,20.9043,20.0,,,,,,20.0,,,,,15.5686,,,,19.6074,0.0,,,,,,,6.3463,,20.0,,,,0.0,,,0.0,,20.5707,,,,,,,,,,,0.0,,,,20.0,,0.0,0.0,,,,,0.0,,0.0,Lahaina,68.1015
142,10-17-JES-04,Tap Water,10/17/2023 17:20,,-156.68532740337062,20.884354090351792,,,0.0,,,,,6.7039,0.0,,,0.0,,,,,,,,,0.0,,32.5913,,21.7192,20.0,,,,,,20.0,,,,,11.7224,,,,20.0683,0.0,,,,,,,5.384,,20.0,,,,0.0,,,0.0,,20.7161,,,,,,,,,,,,,,,20.0,,,0.0,,,,,0.0,0.0,,Lahaina,49.6977
143,10-17-JES-06,Tap Water,10/17/2023 17:40,,-156.6806178233384,20.885058882887808,,,0.0,,,,,4.4889,,,,,,,,,,,,,,,15.6639,,20.7152,20.0,,,,,,20.0,,,,,8.87,,,,19.7396,0.0,,,,,,,4.9208,,20.0,,,,0.0,,,0.0,,20.5826,,,,,,,,,,,,,,,20.0,,,0.0,,,,0.0,,,,Lahaina,29.4547
144,10-17-JES-07,Tap Water,10/17/2023 17:59,,-156.68274877527702,20.883873998606237,,,0.0,,,,,4.6774,,,,0.0,,,,,,,,,0.0,,19.336,,20.122,20.0,,,,,,20.0,0.0,,,,9.3845,,,,19.7372,0.0,,,,,,,5.745,,20.0,,,,0.0,,,2.6352,,20.4596,,,,,,,,,,,,,,,20.0,,0.0,0.0,,,,,,0.0,,Lahaina,37.1007
145,10-18-23-JI-01,Tap Water,10/18/2023 7:57,,-156.68427587754422,20.90027549342564,,,0.0,,,,,4.5131,0.0,,,,,,,,,,,,,,25.0274,,20.205,20.0,,,,0.0,,20.0,,,,,12.1207,,,,19.2928,0.0,,,,,,,5.7085,,20.0,,,0.0,0.0,,,0.0,,20.9578,,,,,,,,,,,0.0,,0.0,,20.0,,,0.0,,,,0.0,0.0,0.0,0.0,Lahaina,42.8566
146,10-18-KDP-1,Tap Water,10/18/2023 13:49,,-156.30384469437482,20.771992545771557,,,0.0,,,,,4.2284,,,,0.0,,,,,,,,,,0.0,3.0177,,20.7558,20.0,,,,,,20.0,,,,,0.0,,,,19.5593,0.0,,,,,,,,,20.0,,,,0.0,,,,,20.1932,,,,,,,,,,,,,0.0,,20.0,,,0.0,,,,,,0.0,,Kula,3.0177
147,10-18-KDP-2,Tap Water,10/18/2023 13:50,,-156.3077128577463,20.769672073272968,,,0.0,,,,,7.4645,,,,0.0,,,,,,,,,0.0,,82.1658,,21.5651,20.0,,,,,,20.0,,,,,7.7355,,,,20.2802,,,,,,,,2.7419,,20.0,,,,,,0.0,0.0,,19.9474,,,,,,,,,,,,,0.0,,20.0,,,0.0,,,,0.0,,,,Kula,92.64320000000001
148,10-18-KDP-4,Tap Water,10/18/2023 14:54,,-156.314833321769,20.77911374256393,,,0.0,,,,,5.7709,0.0,0.0,,,,,,,,8.5058,,,,8.3645,58.3138,,21.0286,20.0,,,,,,20.0,,,,,7.1575,,,,20.3655,0.0,,,,,,,1.922,,20.0,,,,,,,0.0,,20.9883,,,,,,,,,,,,,,,20.0,,,0.0,,,,0.0,,,,Kula,67.3933
149,10-18-KDP-5,Tap Water,10/18/2023 14:57,,-156.31378763239096,20.779370511362195,,,0.0,,,,,0.0,0.0,,,0.0,,,,,,,,,,,21.1937,,21.0747,20.0,,,,,,20.0,,,,,5.5145,,,,19.9989,0.0,,,,,,,2.7956,,20.0,,,,,,,0.0,,20.6789,,,,,,,,,,,,,0.0,,20.0,,,0.0,,,,,,0.0,,Kula,29.5038
150,10-18-KDP-6,Tap Water,10/18/2023 15:00,,-156.3140838266682,20.784021515239548,,,0.0,,,,,3.9559,0.0,,,0.0,,,,,,,,,,,39.8413,,22.0159,20.0,,,,,,20.0,,,,,9.3021,,,,19.6027,,,,,,,,4.3422,,20.0,,,,,,0.0,0.0,,20.361,,,,,,,,,,,,,,,20.0,,,,,,,,,,,Kula,53.4856
151,10-18-KDP-7,Tap Water,10/18/2023 15:02,,-156.31408746557156,20.78292843839377,,,0.0,,,,,1.8116,,,,0.0,,,,,,,,,,,36.9361,,20.9744,20.0,,,,,,20.0,0.0,,,,7.8382,,,,19.734,0.0,,,,,,,3.5638,,20.0,,,,,,,0.0,,20.27,,,,,,,,,,,,,,,20.0,,,,,,,,,,,Kula,48.338100000000004
152,10-20-23-JI-01,Tap Water,10/20/2023 20:30,,-156.68194631781387,20.89993473887312,,,0.0,,,,,,,,,0.0,,,,,,,,,,,21.0881,,20.4913,20.0,,,,,,20.0,,,,,15.4994,,,,19.6529,0.0,,,,,,,17.7881,,20.0,,,,0.0,,,17.0278,,21.253,,,,,,,,,,,0.0,,,,20.0,,,0.0,,,,0.0,0.0,0.0,,Lahaina,71.4034
153,10-20-23-JI-02,Tap Water,10/20/2023 20:35,,-156.67889810160878,20.902673812294765,,,0.0,,,,,2.7578,0.0,,,,,,,,,,,,,,12.7804,,20.132,20.0,,,,,,20.0,,,,,8.8094,,,,19.5006,0.0,,,,,,,10.3383,,20.0,,,,0.0,,,12.0497,,20.3176,,,,,,,,,,,,,,,20.0,,,0.0,,,,0.0,,,,Lahaina,43.9778
154,10-20-CKS-1,Tap Water,10/20/2023 22:02,,-156.31594879812496,20.94022215043785,,,0.0,,,,,0.0,0.0,,,0.0,,,,,,,,,,,0.0,,21.2146,20.0,,,,,,20.0,,,,,0.0,,,,19.3503,0.0,,,,,,,0.0,,20.0,,,,0.0,,,0.0,,21.1909,,,,,,,,,,,,,,,20.0,,,0.0,,,,0.0,,0.0,,Outside of Boxes,0.0
155,10-21-23-JI-01,Tap Water,10/21/2023 8:15,,-156.682389212186,20.90197842934677,,,0.0,,,,,0.0,0.0,,,0.0,,,,,,,,,,,21.1567,,20.5613,20.0,,,,,,20.0,,,,,15.83,,,,19.8361,0.0,,,,,,,21.9922,,20.0,,,,0.0,,,22.4247,,20.9863,,,,,,,,,,,0.0,,,,20.0,,,0.0,,,,0.0,0.0,,,Lahaina,81.4036
156,10-24-KDP-1,Tap Water,10/24/2023 12:56,,-156.31031942492564,20.75798283196629,,,0.0,,,,,5.4863,0.0,,,0.0,,,,,,,,,,,2.7621,,19.7953,20.0,,,,,,20.0,,,,,,,,,19.4839,,,,,0.0,,,,,20.0,,,,0.0,,,0.0,,20.6136,0.0,,,,,,,,,,0.0,,0.0,,20.0,,0.0,0.0,,,,0.0,0.0,0.0,0.0,Kula,2.7621
157,10-24-KDP-2,Tap Water,10/24/2023 13:06,,-156.3087800777211,20.756554942859147,,,0.0,,,,,8.2125,0.0,,,0.0,,,,,,0.0,,,,,2.915,,19.8218,20.0,,,,,,20.0,0.0,,,,0.0,,,,19.6385,0.0,,,,0.0,,,,,20.0,,,,0.0,,,0.0,,20.6414,,,,,,,,,,,,,0.0,,20.0,,0.0,0.0,,,,0.0,0.0,0.0,0.0,Kula,2.915
158,10-24-KDP-3,Tap Water,10/24/2023 13:35,,-156.30828124778128,20.758620031015436,,,0.0,,,,,6.3227,0.0,,,0.0,,,,,,,,,,,3.1189,,20.5569,20.0,,,,,,20.0,,,,,0.0,,,,19.8677,0.0,,,,0.0,,,,,20.0,,,,0.0,,,0.0,,21.0152,0.0,,,,,,,,,,0.0,,0.0,,20.0,,0.0,0.0,,,,0.0,0.0,0.0,0.0,Kula,3.1189
159,10-24-KDP-4,Tap Water,10/24/2023 14:08,,-156.31261767738636,20.75270510565518,,,0.0,,,,,9.6142,0.0,,,0.0,,,,,,,,,,,2.4956,,19.5993,20.0,,,,,,20.0,0.0,,,,,,,,19.6209,0.0,,,,0.0,,,,,20.0,,,,0.0,,,,,20.4774,0.0,,,,,,,0.0,,,,,0.0,,20.0,,0.0,0.0,,,,0.0,0.0,0.0,0.0,Kula,2.4956
160,10-24-KDP-7,Tap Water,10/24/2023 14:34,,-156.31473865048795,20.756592059920152,,,0.0,,,,,7.7057,0.0,,,0.0,,,,,,,,,,,2.6326,,19.5111,20.0,,,,,,20.0,,,,,0.0,,,,19.3024,0.0,,,,,,,,,20.0,,,,0.0,,,0.0,,19.4793,,,,,,,,,,,,,,,20.0,,0.0,0.0,,,,0.0,0.0,,0.0,Kula,2.6326
161,10-25-KDP-1,Tap Water,10/25/2023 12:26,,-156.30993629276176,20.756950516365837,,,0.0,,,,,7.5162,0.0,,,0.0,,,,,,0.0,,,,0.0,2.3753,,19.531,20.0,,,,,,20.0,,,,,0.0,,,,19.5419,0.0,,,,,,,,,20.0,,,,0.0,,,,,20.6704,,,,,,,,,,,,,0.0,,20.0,,0.0,0.0,,,,0.0,0.0,0.0,,Kula,2.3753
162,10-25-KDP-4,Tap Water,10/25/2023 13:32,,-156.30899680349853,20.776425169996465,,,0.0,,,,,1.8573,,,,0.0,,,,,,,,,,,1.4764,,19.8771,20.0,,,,,,20.0,,,,,3.2668,,,,19.6451,0.0,,,,,,,11.0656,,20.0,,,,,,,15.9329,,20.7526,,,,,,,,,,,,,,,20.0,,0.0,0.0,,,,0.0,,,,Kula,31.7417
163,10-25-KDP-6,Tap Water,10/25/2023 13:37,,-156.3097252421896,20.779032377790333,,,,,,,,3.6982,0.0,,,0.0,,,,,,,,,,5.473,0.0,,19.3632,20.0,,,,,,20.0,,,,,,,,,19.8716,,,,,0.0,,,,,20.0,,,,,,,0.0,,19.9728,,,,,,,,,,,,,0.0,,20.0,,0.0,0.0,,,,0.0,0.0,0.0,,Kula,0.0
164,10-27-23-JI-01,Tap Water,10/27/2023 13:32,,-156.6809057201742,20.89902571342392,,,0.0,,,,,3.2077,0.0,,,0.0,,,,,,,,,,,11.4679,,19.4321,20.0,,,,,,20.0,,,,,8.7178,,,,19.6532,0.0,,,,,,,10.7832,,20.0,,,,0.0,,,13.9934,,20.2293,,,,,,,,,,,0.0,,0.0,,20.0,,0.0,0.0,,,,0.0,,0.0,,Lahaina,44.9623
165,10-27-23-JI-02,Tap Water,10/27/2023 13:34,,-156.68417231499288,20.898586213376788,,,0.0,,,,,4.529,0.0,,,0.0,,,,,,,,,0.0,,12.4584,,19.4057,20.0,,,,,,20.0,,,,,7.8563,,,,19.1366,0.0,,,,,,,9.183,,20.0,,,,0.0,,,11.6125,,20.6864,,,,,,,,,,,,,,,20.0,,0.0,,,,,0.0,0.0,,,Lahaina,41.1102
166,10-27-23-JI-03,Tap Water,10/27/2023 19:31,,-156.68056212098884,20.898291775024703,,,,,,,,20.7003,,,,0.0,,,,,,,,,,,12.2489,,20.2762,20.0,,,,,,20.0,,,,,9.1404,,,,20.1802,,,,,,,,10.8157,,20.0,,,,,,,13.6483,,20.9443,,,,,,,,,,,,,,,20.0,,,,,,,,,,,Lahaina,45.8533
167,10-28-JES-02,Tap Water,10/28/2023 14:55,,-156.68073812537585,20.886538257094312,,,0.0,,,,,3.2691,0.0,,,0.0,,,,,,,,,0.0,,14.7845,,20.0165,20.0,,,,,,20.0,,,,,10.4465,,,,19.3528,0.0,,,,0.0,,,6.444,,20.0,,,,0.0,,,1.3171,,19.9316,,,,,,,,,,,,,,,20.0,,,0.0,,,,0.0,,,0.0,Lahaina,32.9921
168,10-28-JES-03,Tap Water,10/28/2023 15:27,,-156.66670554668084,20.885233278505623,,,0.0,,,,,4.086,,,,0.0,,,,,,,,,,,4.7989,,19.7846,20.0,,,,,,20.0,,,,,4.3906,,,,19.629,0.0,,,,,,,3.1781,,20.0,,,,0.0,,,0.0,,19.9414,,,,,,,,,,,,,,,20.0,,,0.0,,,,0.0,0.0,,,Lahaina,12.3676
169,10-28-JES-04,Tap Water,10/28/2023 15:54,,-156.66873205282488,20.88689688476252,,,0.0,,,,,1.9697,0.0,,,0.0,,,,,,,,,,,6.3686,,19.5405,20.0,,,,,,20.0,,,,,4.9493,,,,18.9935,,,,,,,,3.4426,,20.0,,,,0.0,,,0.0,,20.1394,,,,,,,,,,,0.0,,,,20.0,,,0.0,,,,,0.0,0.0,,Lahaina,14.7605
170,10-28-JES-05,Tap Water,10/28/2023 16:21,,-156.66745484508488,20.88546647988568,,,0.0,,,,,4.65,0.0,,,0.0,,,,,,,,,,,7.1218,,21.9484,20.0,,,,,,20.0,,,,,5.7559,,,,19.6194,0.0,,,,,,,3.754,,20.0,,,,0.0,0.0,,0.0,,20.6006,,,,,,,,,,,,,,,20.0,,,,,,,0.0,,,0.0,Lahaina,16.631700000000002
171,10-28-JES-06,Tap Water,10/28/2023 16:56,,-156.6658295635044,20.88464911822585,,,0.0,,,,,3.8897,0.0,,,0.0,,,,,,,,,,,5.0787,,20.1022,20.0,,,,,,20.0,,,,,4.9328,,,,19.6156,0.0,,,,,,,3.527,,20.0,,,,0.0,,,0.0,,19.5963,,,,,,,,,,,,,,,20.0,,,,,,,,0.0,0.0,,Lahaina,13.538500000000003
172,10-28-JES-07,Tap Water,10/28/2023 17:21,,-156.68168978435506,20.90237335765433,,,0.0,,,,,3.0989,0.0,,,0.0,,,,,,3.4471,,,0.0,11.9182,13.3321,,18.6709,20.0,,,,,,20.0,,,,,11.5968,,,,19.3169,,,,,,,,16.122,,20.0,,,,,,,19.8299,,19.6219,,,,,,,,,,,,,,,20.0,,,0.0,,,,0.0,,,,Lahaina,60.880799999999994
173,10-28-JES-08,Tap Water,10/28/2023 17:38,,-156.68327277689488,20.898387223404946,,,0.0,,,,,3.1387,0.0,,,0.0,,,,,,,,,0.0,,11.1901,,19.0542,20.0,,,,,,20.0,,,,,9.4369,,,,18.93,0.0,,,,,,,12.721,,20.0,,,,0.0,,,16.4524,,19.0277,,,,,,,,,,,0.0,,,,20.0,,,0.0,,,,,0.0,,,Lahaina,49.800399999999996
174,11-6-KDP-1,Tap Water,11/6/2023 13:19,,-156.326565237604,20.785213707378244,,,0.0,,,,,7.3114,0.0,,,0.0,,,,,,0.0,,,,,2.4272,,19.6608,20.0,,,,,,20.0,0.0,,,,,,,,19.2547,0.0,,,,,,,,,20.0,,,,0.0,,0.0,,,20.2471,0.0,,,,,0.0,,,,,0.0,,0.0,,20.0,,0.0,0.0,,,,0.0,0.0,0.0,0.0,Kula,2.4272
175,11-6-KDP-2,Tap Water,11/6/2023 13:21,,-156.32299141045905,20.78804345108126,,,0.0,,,,,8.2192,0.0,,,0.0,,,,,,0.0,,,,,2.6238,,20.4541,20.0,,,,,,20.0,,,,,,,,,19.3767,0.0,,,,,,,,,20.0,,,,0.0,0.0,,,,20.7095,,,,,,,,,,,,,0.0,,20.0,,0.0,0.0,,,,0.0,0.0,0.0,,Kula,2.6238
176,11-6-KDP-4,Tap Water,11/6/2023 13:43,,-156.32383513507614,20.785892145405622,,,0.0,,,,,9.032,0.0,,,0.0,,,,,,0.0,,,,,2.5218,,19.8804,20.0,,,,,,20.0,,,,,0.0,,,,19.7004,0.0,,,,,,,,,20.0,,,,0.0,0.0,0.0,,,19.4549,,,,,,,,,,,,,0.0,,20.0,,0.0,0.0,,,,0.0,0.0,0.0,,Kula,2.5218
177,11-6-KDP-7,Tap Water,11/6/2023 14:40,,-156.32863365145542,20.7620277330498,,,0.0,,,,,11.663,0.0,,,,,,,,,0.0,,,,,9.7776,,19.9723,20.0,,,,,,20.0,,,,,0.0,,,,19.2366,0.0,,,,,,0.0,,,20.0,,,,,,0.0,,,19.4644,,,,,,,,,,,,,0.0,,20.0,,,0.0,,,,0.0,0.0,,,Kula,9.7776
178,11-7-KDP-1,Tap Water,11/7/2023 12:30,,-156.32263736251633,20.75153442113204,,,0.0,,,,,1.9879,0.0,,,0.0,,,,,,0.0,,,,,2.7639,,19.8635,20.0,,,,,,20.0,,,,,0.0,,,,19.3054,0.0,,,,,,,,,20.0,,,,,,,,,20.8612,,,,,,,,,,,,,,,20.0,,,0.0,,,,,,,,Kula,2.7639
179,11-7-KDP-3,Tap Water,11/7/2023 13:03,,-156.32317895435813,20.75607666126928,,,0.0,,,,,13.487,0.0,,,0.0,,,,,,2.4612,,,,,2.9151,,20.3348,20.0,,,,,,20.0,,,,,,,,,19.3603,0.0,,,,,,,,,20.0,,,,0.0,,,,,19.8926,,,,,,,,,,,,,,,20.0,,,0.0,,,,0.0,0.0,,,Kula,2.9151
180,11-07-CKS-1,Tap Water,11/7/2023 13:09,,,,,,0.0,,,,,3.4139,,,,0.0,,,,,,,,,,,0.0,,20.0318,20.0,,,,,,20.0,,,,,0.0,,,,19.2514,0.0,,,,,,,0.0,,20.0,,,,0.0,0.0,,0.0,,19.7103,,,,,,,,,,,,,,,20.0,,0.0,0.0,,,,,0.0,0.0,,Outside of Boxes,0.0
181,11-07-CKS-4,Tap Water,11/7/2023 13:43,,-156.3060616359389,20.90614422244544,,,0.0,,,,,3.1199,0.0,,,0.0,,,,,,0.0,,,,,0.0,,19.9251,20.0,,,,,,20.0,,,,,0.0,,,,19.5418,0.0,,,,,,,0.0,,20.0,,,,0.0,,,0.0,,19.6613,,,,,,,,,,,,,,,20.0,,,0.0,,,,0.0,,0.0,,Outside of Boxes,0.0
182,11-07-CKS-7,Tap Water,11/7/2023 15:27,,-156.279197891112,20.922555818187348,,,0.0,,,,,5.0595,,,,0.0,,,,,,0.0,,,,,1.2324,,19.3082,20.0,,,,,,20.0,,,,,1.5234,,,,19.3968,0.0,,,,,,,1.6201,,20.0,,,,0.0,0.0,,0.0,,19.5787,,,,,,,,,,,,,0.0,,20.0,,,,,,,0.0,,0.0,,Outside of Boxes,4.375900000000001
183,11-6-KDP-9,Tap Water,11/7/2023 15:51,,-156.318663106084,20.780384064808523,,,0.0,,,,,7.4016,0.0,,,0.0,,,,,,1.8852,,,0.0,,22.0372,,20.4199,20.0,,,,,,20.0,,,,,2.8704,,,,19.3287,,,,,,,,2.5014,,20.0,,,,,,,1.2311,,20.5361,,,,,,,,,,,,,0.0,,20.0,,,,,,,,,0.0,0.0,Kula,28.640099999999997
184,11-8-KDP-1,Tap Water,11/8/2023,,-156.3107966621814,20.7758121110248,,,,,,,,3.6462,,,,0.0,,,,,,,,,,,10.0321,,20.1587,20.0,,,,,,20.0,,,,,3.4469,,,,20.0676,,,,,,,,1.831,,20.0,,,,,,,,,20.5771,,,,,,,,,,,,,,,20.0,,,,,,,,,,,Kula,15.309999999999999
185,11-9-23-JI-04,Tap Water,11/9/2023 10:54,,-156.6560970152778,21.00467269364312,,,,,,,,8.6718,,,,,,,,,,,,,,,,,20.9681,20.0,,,,,,20.0,,,,,,,,,19.8769,,,,,,,,0.0,,20.0,,,,,,,1.6189,,20.8909,,,,,,,,,,,,,,,20.0,,,,,,,,,,,Outside of Boxes,1.6189
186,11-9-23-JI-03,Tap Water,11/9/2023 10:58,,-156.68736367785044,20.88289883862424,,,,,,,,14.6587,,,,0.0,,,,,,,,,,,6.3552,,19.1685,20.0,,,,,,20.0,,,,,6.1661,,,,19.6129,,,,,,,,4.1187,,20.0,,,,,,,,,19.4747,,,,,,,,,,,,,,,20.0,,,,,,,,,,,Lahaina,16.64
187,11-9-23-JI-02,Tap Water,11/9/2023 11:15,,-156.67977312609457,20.89867966770192,,,,,,,,10.5911,,,,0.0,,,,,,,,,,,8.3394,,19.4649,20.0,,,,,,20.0,,,,,8.7864,,,,19.8784,,,,,,,,12.2509,,20.0,,,,,,,12.5281,,19.8184,,,,,,,,,,,,,,,20.0,,,,,,,,,,,Lahaina,41.9048
188,11-9-KDP-1,Tap Water,11/10/2023 11:44,,-156.3179744719281,20.751613100135227,,,,,,,,12.1669,,,,0.0,,,,,,,,,,,2.2131,,19.5304,20.0,,,,,,20.0,,,,,,,,,20.1892,,,,,,,,,,20.0,,,,,,,,,20.1212,,,,,,,,,,,,,,,20.0,,,,,,,,,,,Kula,2.2131
189,11-9-KDP-3,Tap Water,11/9/2023,,-156.3203137072489,20.754336781084398,,,,,,,,13.2429,,,,0.0,,,,,,,,,,,1.8893,,19.8084,20.0,,,,,,20.0,,,,,,,,,19.6926,,,,,,,,,,20.0,,,,,,,,,20.7263,,,,,,,,,,,,,,,20.0,,,,,,,,,,,Kula,1.8893
190,11-9-KDP-4,Tap Water,11/9/2023,,-156.30683833833285,20.77922265636364,,,,,,,,,,,,0.0,,,,,,,,,,,1.9301,,19.5966,20.0,,,,,,20.0,,,,,4.6227,,,,19.9236,,,,,,,,10.1896,,20.0,,,,,,,10.0844,,20.0294,,,,,,,,,,,,,,,20.0,,,,,,,,,,,Kula,26.826800000000002
191,11-9-KDP-5,Tap Water,11/9/2023,,-156.3100433806728,20.778040180914907,,,,,,,,7.2337,,,,0.0,,,,,,,,,,13.6146,0.0,,19.1663,20.0,,,,,,20.0,,,,,,,,,20.1975,,,,,,,,,,20.0,,,,,,,,,19.7956,,,,,,,,,,,,,,,20.0,,,,,,,,,,,Kula,0.0
192,11-13-23-JI-14,Tap Water,11/13/2023 14:40,,-156.68571732491787,20.88161073915093,,,,,,,,15.7217,,,,0.0,,,,,,,,,,,14.4605,,20.3051,20.0,,,,,,20.0,,,,,5.0057,,,,19.965,,,,,,,,6.6987,,20.0,,,,,,,9.6161,,20.0935,,,,,,,,,,,,,,,20.0,,,,,,,,,,,Lahaina,35.781
193,11-13-23-JI-13,Tap Water,11/13/2023 14:40,,-156.68290970955368,20.88515345422056,,,,,,,,24.3209,,,,0.0,,,,,,,,,,,13.9942,,20.1439,20.0,,,,,,20.0,,,,,5.0529,,,,19.8751,,,,,,,,7.3269,,20.0,,,,,,,9.3389,,19.6854,,,,,,,,,,,,,,,20.0,,,,,,,,,,,Lahaina,35.7129
194,11-13-23-JI-11,Tap Water,11/13/2023 14:43,,-156.6846915581016,20.88089934783019,,,,,,,,2.8162,,,,0.0,,,,,,,,,,,15.8359,,19.6822,20.0,,,,,,20.0,,,,,11.7395,,,,19.7768,,,,,,,,10.9405,,20.0,,,,,,,1.4986,,20.5151,,,,,,,,,,,,,,,20.0,,,,,,,,,,,Lahaina,40.0145
195,11-13-23-JI-10,Tap Water,11/13/2023 14:48,,-156.68291905718468,20.88183079169555,,,,,,,,26.3369,,,,0.0,,,,,,,,,,,15.8317,,19.6869,20.0,,,,,,20.0,,,,,8.3858,,,,19.8531,,,,,,,,3.8951,,20.0,,,,,,,,,20.3573,,,,,,,,,,,,,,,20.0,,,,,,,,,,,Lahaina,28.1126
196,11-13-23-JI-09,Tap Water,11/13/2023 14:48,,-156.68359508111757,20.885750782024225,,,,,,,,49.548,,,,0.0,,,,,,,,,,,17.1689,,19.9337,20.0,,,,,,20.0,,,,,9.3445,,,,19.5978,,,,,,,,5.0404,,20.0,,,,,,,0.0,,19.9794,,,,,,,,,,,,,,,20.0,,,,,,,,,,,Lahaina,31.553800000000003
197,11-13-23-JI-08,Tap Water,11/13/2023 14:50,,-156.6864361369807,20.88141957312677,,,,,,,,32.6738,,,,,,,,,,,,,,,14.4473,,19.9652,20.0,,,,,,20.0,,,,,7.9376,,,,20.7275,,,,,,,,3.6611,,20.0,,,,,,,,,22.5506,,,,,,,,,,,,,,,20.0,,,,,,,,,,,Lahaina,26.046
198,11-13-23-JI-07,Tap Water,11/13/2023 14:50,,-156.68295776886512,20.88265388455645,,,,,,,,38.2767,,,,0.0,,,,,,,,,,,17.9509,,20.6629,20.0,,,,,,20.0,,,,,9.5965,,,,19.6745,,,,,,,,4.9225,,20.0,,,,,,,,,20.0588,,,,,,,,,,,,,,,20.0,,,,,,,,,,,Lahaina,32.4699
199,11-13-23-JI-06,Tap Water,11/13/2023 14:53,,-156.68592584323991,20.880974156678985,,,,,,,,19.4612,,,,0.0,,,,,,,,,,,15.8293,,19.5426,20.0,,,,,,20.0,,,,,8.9475,,,,20.2936,,,,,,,,4.499,,20.0,,,,,,,,,22.0217,,,,,,,,,,,,,,,20.0,,,,,,,,,,,Lahaina,29.2758
200,11-13-23-JI-05,Tap Water,11/13/2023 14:53,,-156.68528446147494,20.88497884831315,,,,,,,,38.9349,,,,0.0,,,,,,,,,,,17.374,,20.1934,20.0,,,,,,20.0,,,,,10.0366,,,,19.479,,,,,,,,4.9554,,20.0,,,,,,,,,18.7311,,,,,,,,,,,,,,,20.0,,,,,,,,,,,Lahaina,32.366
201,11-13-23-JI-04,Tap Water,11/13/2023 14:55,,-156.68299053807272,20.880657137806484,,,,,,,,22.6407,,,,0.0,,,,,,,,,,,16.212,,19.9674,20.0,,,,,,20.0,,,,,8.8388,,,,19.5371,,,,,,,,4.4607,,20.0,,,,,,,,,19.2205,,,,,,,,,,,,,,,20.0,,,,,,,,,,,Lahaina,29.5115
202,11-13-23-JI-03,Tap Water,11/13/2023 14:55,,-156.68538432339358,20.88453188940364,,,,,,,,19.2369,,,,0.0,,,,,,,,,,,10.0519,,19.9593,20.0,,,,,,20.0,,,,,4.583,,,,19.5942,0.0,,,,,,,1.9763,,20.0,,,,,,,,,19.1712,,,,,,,,,,,,,,,20.0,,,,,,,,,,,Lahaina,16.6112
203,11-13-23-JI-02,Tap Water,11/13/2023 14:57,,-156.6844678990579,20.88382000480327,,,,,,,,13.4251,,,,0.0,,,,,,,,,,,15.2334,,19.8265,20.0,,,,,,20.0,,,,,8.3176,,,,19.9746,,,,,,,,4.1597,,20.0,,,,,,,,,19.7529,,,,,,,,,,,,,,,20.0,,,,,,,,,,,Lahaina,27.7107
204,11-13-23-JI-01,Tap Water,11/13/2023 14:57,,-156.6865883204785,20.884491476681976,,,,,,,,10.2664,,,,,,,,,,,,,,,15.6311,,19.6881,20.0,,,,,,20.0,,,,,8.3939,,,,19.8884,,,,,,,,4.2185,,20.0,,,,,,,,,19.919,,,,,,,,,,,,,,,20.0,,,,,,,,,,,Lahaina,28.2435
205,11-15-KDP-1,Tap Water,11/15/2023 16:22,,-156.31725860566385,20.75487769699781,,,,,,,,8.5782,,,,0.0,,,,,,,,,,,2.692,,19.701,20.0,,,,,,20.0,,,,,,,,,20.1188,,,,,,,,,,20.0,,,,,,,,,19.8373,,,,,,,,,,,,,,,20.0,,,,,,,,,,,Kula,2.692
206,11-15-KDP-3,Tap Water,11/15/2023 16:25,,-156.31992113740594,20.746070143697683,,,,,,,,6.8455,,,,0.0,,,,,,,,,,1.1177,1.4523,,19.1835,20.0,,,,,,20.0,,,,,,,,,21.6709,,,,,,,,,,20.0,,,,,,,,,21.0705,,,,,,,,,,,,,,,20.0,,,,,,,,,,,Kula,1.4523
207,11-15-KDP-5,Tap Water,11/15/2023 16:54,,-156.31488754458758,20.741074164595837,,,,,,,,9.5617,,,,0.0,,,,,,,,,,,1.2393,,19.5969,20.0,,,,,,20.0,,,,,,,,,19.8751,,,,,,,,,,20.0,,,,,,,,,19.9325,,,,,,,,,,,,,,,20.0,,,,,,,,,,,Kula,1.2393
208,11-15-KDP-7,Tap Water,11/15/2023 17:15,,-156.31338149329778,20.74079619669932,,,,,,,,26.8271,,,,0.0,,,,,,0.0,,,,,8.7925,,19.5556,20.0,,,,,,20.0,,,,,,,,,19.4914,,,,,,,,,,20.0,,,,,,,,,19.3639,,,,,,,,,,,,,,,20.0,,,,,,,,,,,Kula,8.7925
209,11-15-KDP-8,Tap Water,11/15/2023 18:19,,-156.30528211832157,20.74903635295865,,,,,,,,6.4334,,,,0.0,,,,,,,,,,0.0,2.2724,,19.6111,20.0,,,,,,20.0,,,,,,,,,19.5865,,,,,,,,,,20.0,,,,,,,,,19.8286,,,,,,,,,,,,,,,20.0,,,,,,,,,,,Kula,2.2724
210,11-16-KDP-1,Tap Water,11/16/2023 13:36,,-156.3170130476685,20.75050283876278,,,,,,,,4.2212,,1.3282,,0.0,,,,,,0.0,,,,3.4294,1.7626,,19.1402,20.0,,,,,,20.0,,,,,,,,,19.3321,,,,,,,,,,20.0,,,,,,,,,19.8471,,,,,,,,,,,,,,,20.0,,,,,,,,,,,Kula,1.7626
211,11-16-KDP-3,Tap Water,11/16/2023 13:38,,-156.3175813022079,20.747069639805957,,,,,,,,24.5002,,,,0.0,,,,,,,,,,0.0,3.2456,,20.1974,20.0,,,,,,20.0,,,,,,,,,20.076,,,,,,,,,,20.0,,,,,,,,,19.5619,,,,,,,,,,,,,,,20.0,,,,,,,,,,,Kula,3.2456
212,11-16-KDP-4,Tap Water,11/17/2023 6:54,,-156.3122829577971,20.75095574125327,,,,,,,,7.4412,,,,,,,,,,8.1376,,,,31.956,2.1532,,19.4537,20.0,,,,,,20.0,,,,,,,,,19.6526,,,,,,,,,,20.0,,,,,,,,,19.4547,,,,,,,,,,,,,,,20.0,,,,,,,,,,,Kula,2.1532
213,11-16-KDP-5,Tap Water,11/17/2023 7:00,,-156.3209581304714,20.75305477527654,,,,,,,,44.0985,,,,0.0,,,,,,,,,,,17.4029,,20.119,20.0,,,,,,20.0,,,,,,,,,19.4784,,,,,,,,,,20.0,,,,,,,,,20.2587,,,,,,,,,,,,,,,20.0,,,,,,,,,,,Kula,17.4029
214,11-16-KDP-6,Tap Water,11/17/2023 7:12,,-156.31729941534977,20.743095437488154,,,,,,,,6.6599,,,,0.0,,,,,,,,,,,1.8918,,19.815,20.0,,,,,,20.0,,,,,,,,,19.5435,,,,,,,,,,20.0,,,,,,,,,19.6541,,,,,,,,,,,,,,,20.0,,,,,,,,,,,Kula,1.8918
215,11-17-23-JI-04,Tap Water,11/17/2023 10:04,,-156.68241637933818,20.8847726494056,,,,,,,,63.6334,0.0,,,,,,,,,,,,,,17.0808,,0.0,20.0,,,,,,20.0,,,,,7.5778,,,,0.0,0.0,,,,,,,4.0408,,20.0,,,0.0,0.0,,,0.0,,20.6671,,,,,,,,,,,,,,,20.0,,,,,,,,,,,Lahaina,28.6994
216,11-17-23-JI-03,Tap Water,11/17/2023 10:04,,-156.68455373685498,20.883186030179125,,,,,,,,121.9508,0.0,,,,,,,,,,,,,,15.2015,,0.0,20.0,,,,,,20.0,,,,,10.1336,,,,0.0,0.0,,,,,,,8.8761,,20.0,,,,0.0,,,6.3945,,0.0,,,,,,,,,,,,,,,20.0,,,,,,,,,,,Lahaina,40.6057
217,11-17-23-JI-01,Tap Water,11/17/2023 10:06,,-156.6793120347368,20.90153580019982,,,,,,,,146.8591,0.0,,,,,,,,,,,,,,9.0108,,0.0,20.0,,,,,,20.0,,,,,10.0021,,,,0.0,0.0,,,,,,,11.8508,,20.0,,,0.0,0.0,,,9.3464,,0.0,,,,,,,,,,,,,,,20.0,,,,,,,,,,,Lahaina,40.2101
218,11-17-23-JI-06,Tap Water,11/17/2023 14:44,,-156.67914130360623,20.9021863872828,,,,,,,,94.0295,0.0,,,,,,,,,,,,,,9.795,,0.0,20.0,,,,,,20.0,,,,,10.5668,,,,0.0,0.0,,,,,,,12.4982,,20.0,,,0.0,0.0,,,9.9314,,20.1532,,,,,,,,,,,,,,,20.0,,,,,,,,,,,Lahaina,42.7914
219,11-17-23-JI-05,Tap Water,11/17/2023 14:44,,-156.67854146987622,20.902501192913157,,,,,,,,87.3998,0.0,,,,,,,,,,,,,,10.3589,,0.0,20.0,,,,,,20.0,,,,,11.9012,,,,0.0,0.0,,,,,,,17.344,,20.0,,,0.0,0.0,,,18.2544,,0.0,,,,,,,,,,,,,,,20.0,,,,,,,,,,,Lahaina,57.8585
220,11-18-23-JI-08,Tap Water,11/18/2023 11:46,,-156.68359980040665,20.881149925986325,,,,,,,,65.0565,0.0,,,,,,,,,,,,,,10.1347,,0.0,20.0,,,,,,20.0,,,,,4.4659,,,,0.0,,,,,,,,2.6006,,20.0,,,,0.0,,,0.0,,20.3095,,,,,,,,,,,,,,,20.0,,,,,,,,,,,Lahaina,17.2012
221,11-18-23-JI-15,Tap,11/18/2023 11:50,,-156.67903520106066,20.89926384160294,,,,,,,,79.2912,,,,,,,,,,,,,,,9.6291,,0.0,20.0,,,,,,20.0,,,,,8.9628,,,,0.0,0.0,,,,,,,9.6658,,20.0,,,0.0,0.0,,,5.8502,,0.0,,,,,,,,,,,,,,,20.0,,,,,,,,,,,Lahaina,34.1079
222,11-18-23-JI-12,Tap Water,11/18/2023 11:55,,-156.68191113785875,20.900079743634205,,,,,,,,69.3108,0.0,,,,,,,,,,,,,,10.5367,,0.0,20.0,,,,,,20.0,,,,,9.1363,,,,0.0,,,,,,,,8.4203,,20.0,,,0.0,0.0,,,7.0818,,0.0,,,,,,,,,,,,,,,20.0,,,,,,,,,,,Lahaina,35.1751
223,11-18-23-JI-01,Tap Water,11/18/2023 12:01,,-156.6694269857584,20.883273902743955,,,,,,,,9.3763,0.0,,,,,,,,,,,,,,1.9829,,0.0,20.0,,,,,,20.0,,,,,,,,,0.0,,,,,,,,,,20.0,,,,0.0,,,,,20.4318,,,,,,,,,,,,,,,20.0,,,,,,,,,,,Lahaina,1.9829
224,11-18-23-JI-07,Tap Water,11/18/2023 12:01,,-156.66926204339305,20.883792188973487,0.0,,,,,,,145.5361,0.0,,,,,,,,,,,,,,43.1212,,0.0,20.0,,,,,,20.0,,,,,10.1152,,,,0.0,0.0,,,,,,,3.0972,,20.0,,,,0.0,,,,,0.0,,,,,,,,,,,,,,,20.0,,,,,,,,,,,Lahaina,56.333600000000004
225,11-18-23-JI-03,Tap Water,11/18/2023 12:22,,-156.6790081749416,20.8961232656283,,,,,,,,63.9142,0.0,,,,,,,,,,,,,,9.3562,,0.0,20.0,,,,,,20.0,,,,,8.7816,,,,0.0,,,,,,,,8.7508,,20.0,,,,0.0,,,5.2447,,0.0,,,,,,,,,,,,,,,20.0,,,,,,,,,,,Lahaina,32.1333
226,11-21-KDP-1,Tap Water,11/21/2023,,,,,,,,,,,83.6296,0.0,,,,,,,,,,,,,,1.2905,,0.0,20.0,,,,,,20.0,,,,,,,,,0.0,,,,,,,,,,20.0,,,,0.0,,,,,0.0,,,,,,,,,,,,,,,20.0,,,,,,,,,,,Outside of Boxes,1.2905
227,11-21-KDP-2,Tap Water,11/21/2023,,-156.32051413463844,20.736415082740987,,,,,,,,8.2131,0.0,,,,,,,,,,,,,,1.2389,,0.0,20.0,,,,,,20.0,,,,,,,,,0.0,,,,,,,,,,20.0,,,,0.0,,,,,0.0,,,,,,,,,,,,,,,20.0,,,,,,,,,,,Kula,1.2389
228,11-21-KDP-4,Tap Water,11/21/2023,,-156.32600044357144,20.737644548866584,,,,,,,,48.5145,0.0,,,,,,,,,,,,,,1.3178,,0.0,20.0,,,,,,20.0,,,,,,,,,0.0,,,,,,,,,,20.0,,,,0.0,,,,,0.0,,,,,,,,,,,,,,,20.0,,,,,,,,,,,Kula,1.3178
229,11-22-KDP-1,Tap Water,11/22/2023,,-156.32614823219797,20.742231777707683,,,,,,,,66.0209,0.0,,,,,,,,,,,,,,1.6202,,0.0,20.0,,,,,,20.0,,,,,,,,,0.0,0.0,,,,,,,,,20.0,,,,0.0,,,,,0.0,,,,,,,,,,,,,,,20.0,,,,,,,,,,,Kula,1.6202
230,11-22-KDP-2,Tap Water,11/22/2023,,-156.32869755900484,20.737294298352047,,,,,,,,26.891,0.0,,,,,,,,,,,,,,1.386,,0.0,20.0,,,,,,20.0,,,,,,,,,0.0,0.0,,,,,,,,,20.0,,,,0.0,,,,,0.0,,,,,,,,,,,,,,,20.0,,,,,,,,,,,Kula,1.386
231,11-22-KDP-4,Tap Water,11/22/2023,,-156.3067733857372,20.761586277384968,3.332,,,,,,,48.9594,0.0,1.5851,,,,,,,,3.1595,,,,1.0136,2.9985,,0.0,20.0,,,,,,20.0,,,,,,,,,0.0,0.0,,,,,,,,,20.0,,,,0.0,,,,,0.0,,,,,,,,,,,,,,,20.0,,,,,,,,,,,Kula,2.9985
232,12-8-KDP-1,Tap Water,12/8/2023 15:27,,-156.3289481649514,20.73718781316039,,,,,,,,6.4859,0.0,,,0.0,,,,,,1.964,,,,,2.716,,21.7978,20.0,,,,,,20.0,,,,,,,,,0.0,0.0,,,,,,,,,20.0,,,,0.0,,,,,0.0,0.0,,,,,0.0,,,,,0.0,,0.0,,20.0,,0.0,0.0,,,,0.0,0.0,0.0,0.0,Kula,2.716
233,12-8-KDP-2,Tap Water,12/8/2023 16:09,,-156.3286345575641,20.789776194418025,,,,,,,,5.5471,0.0,,,0.0,,,,,,2.0961,,,,,2.193,,20.0018,20.0,,,,,,20.0,,,,,0.0,,,,0.0,0.0,,,,,,,,,20.0,,,,0.0,0.0,0.0,,,0.0,0.0,,,,,,,,,,,,0.0,,20.0,,0.0,0.0,,,,0.0,0.0,0.0,0.0,Kula,2.193
234,12-4-KDP-1,Tap Water,12/8/2023 22:22,,-156.31073123222447,20.776151273980314,,,,,,,,4.9246,0.0,,,0.0,,,,,,,,,0.0,,31.0698,,20.9037,20.0,,,,,,20.0,,,,,5.1432,,,,0.0,0.0,,,,,,,1.4889,,20.0,,,,0.0,0.0,0.0,0.0,,0.0,0.0,,,,,0.0,,0.0,,,0.0,0.0,0.0,,20.0,,0.0,0.0,,,,0.0,0.0,0.0,0.0,Kula,37.7019
235,12-6-KDP-1,Tap Water,12/8/2023 22:24,,-156.30778462083072,20.77766943009877,,,,,,,,1.9807,0.0,,,0.0,,,,,,,,,,,18.8322,,20.4795,20.0,,,,,,20.0,,,,,2.663,,,,0.0,0.0,,,,,,,0.0,,20.0,,,,0.0,,0.0,0.0,,0.0,0.0,,,,0.0,0.0,,,,,,,0.0,,20.0,,0.0,0.0,,,,0.0,0.0,0.0,0.0,Kula,21.4952
236,12-8-KDP-4,Tap Water,12/8/2023 22:32,,-156.32811082856324,20.789107976161123,,,,,,,,5.8998,0.0,,,0.0,,,,,,2.4563,,,,0.0,2.5564,,20.4689,20.0,,,,,,20.0,,,,,0.0,,,,0.0,0.0,,,,,,,,,20.0,,,,0.0,,,0.0,,0.0,0.0,,,,,,,0.0,,,,,0.0,,20.0,,0.0,0.0,,,,0.0,0.0,0.0,0.0,Kula,2.5564
237,12-8-KDP-8,Tap Water,12/8/2023 22:39,,-156.32843870523786,20.787069461924084,,,,,,,,7.6464,0.0,,,0.0,,,,,,,,,,,3.0004,,0.0,20.0,,,,,,20.0,,,,,0.0,,,,0.0,0.0,,,,,,,,,20.0,,,,0.0,,,,,0.0,,,,,,,,0.0,,,,,0.0,,20.0,,0.0,0.0,,,,0.0,0.0,0.0,0.0,Kula,3.0004
238,12-12-23-JI-02,Tap Water,12/12/2023 9:11,,-156.68574345264994,20.885214914624758,,,,,,,,106.3395,,,,0.0,,,,,,,,,,,6.6138,,20.7271,20.0,,,,,,20.0,,,,,5.2137,,,,20.1984,0.0,,,,,,,3.3696,,20.0,,,,,,,0.0,,22.0509,,,,,,,,,,,,,0.0,,20.0,,0.0,0.0,,,,0.0,,,0.0,Lahaina,15.197100000000002
239,12-13-23-JI-02,Tap Water,12/13/2023 13:55,,-156.6817067330056,20.88450079626948,,,,,,,,68.3729,,,,0.0,,,,,,,,,0.0,,11.6138,,20.6859,20.0,,,,,,20.0,,,,,8.1751,,,,0.0,,,,,,,,5.1171,,20.0,,,,,,,1.1941,,20.0854,,,,,,,,,,,,,0.0,,20.0,,,,,,,,,,,Lahaina,26.100099999999998
240,12-13-23-JI-03,Tap Water,12/13/2023 13:57,,-156.68192754040396,20.884971132259377,,,,,,,,91.5264,,,,0.0,,,,,,,,,0.0,,14.5194,,20.1219,20.0,,,,,,20.0,,,,,4.6318,,,,0.0,0.0,,,,,,,3.5132,,20.0,,,,,,,9.6623,,20.0904,,,,,,,,,,,,,,,20.0,,,,,,,0.0,,,0.0,Lahaina,32.3267
241,12-14-23-JI-01,Tap Water,12/14/2023 11:04,,-156.68500387447403,20.9521407700184,,,,,,,,75.4725,,,,,,,,,,,,,,,0.0,,20.6846,20.0,,,,,,20.0,,,,,0.0,,,,0.0,,,,,,,,1.6961,,20.0,,,,,,,16.1471,,20.353,,,,,,,,,,,,,,,20.0,,,0.0,,,,,,,,Outside of Boxes,17.8432
242,12-14-23-JI-02,Tap Water,12/14/2023 11:07,,-156.66240118524613,20.88736341024209,,,,,,,,74.0075,,,,,,,,,,3.005,,,,,12.7838,,20.6959,20.0,,,,,,20.0,,,,,3.5263,,,,0.0,,,,,,,0.0,1.37,,20.0,,,,,,,0.0,,0.0,,,,,,,,,,,,,,,20.0,,,,,,,,,,,Lahaina,17.6801
243,12-28-23-JI-02,Tap Water,12/29/2023 15:06,,-156.68416235100392,20.88292108721273,,,,,,,,35.7211,,,,0.0,,,,,,6.8379,,,,5.7213,46.6734,,20.3695,20.0,,,,,,20.0,,,,,14.2597,,,,0.0,0.0,,,,,,,5.1963,,20.0,,,,,,,1.3992,,20.6646,,,,,,,,,,,,,,,20.0,,,,,,,0.0,,,,Lahaina,67.5286
244,12-28-23-JI-07,Tap Water,12/29/2023 15:18,,-156.6797695917545,20.90038851655988,,,,,,,,26.2868,,,,0.0,,,,,,,,,,,31.4676,,20.2226,20.0,,,,,,20.0,,,,,12.1955,,,,0.0,,,,,,,,5.423,,20.0,,,,,,,1.3856,,20.1732,,,,,,,,,,,,,,,20.0,,,,,,,,,,,Lahaina,50.4717
245,01-03-KDP-2,Tap Water,1/3/2024 14:15,,-156.31587005776055,20.781676653504505,,,,,,,,7.273,0.0,,,0.0,,,,,,0.0,,,,,33.3143,,21.106,20.0,,,,,,20.0,,,,,2.9064,,,,0.0,0.0,,,,,,,0.0,,20.0,,,,,,0.0,,,22.3112,0.0,,,,,,,,,,,,0.0,,20.0,,0.0,0.0,,,,0.0,0.0,0.0,0.0,Kula,36.2207
246,01-04-KDP-1,Tap Water,1/4/2024 16:45,,-156.3070647103928,20.77611547148671,,,0.0,,,,,3.6465,0.0,,,0.0,,,,,,0.0,,,,,53.5779,,21.3629,20.0,,,,,,20.0,,,,,4.8475,,,,0.0,0.0,,,,,,,1.8328,,20.0,,,,0.0,,0.0,0.0,,21.3938,0.0,,,,,,,,,,,,0.0,,20.0,,0.0,0.0,,,,0.0,,,0.0,Kula,60.2582
247,01-04-KDP-2,Tap Water,1/4/2024 17:02,,-156.30841183988326,20.7769742312237,,,0.0,,,,,7.0543,,,,0.0,,,,,,2.1143,,,0.0,,20.0908,,20.9109,20.0,,,,,,20.0,,,,,3.7829,,,,0.0,0.0,,,,0.0,,,1.9158,,20.0,,,,0.0,,,0.0,,21.5037,,,,,,,,,,,,,,,20.0,,0.0,,,,,0.0,0.0,0.0,0.0,Kula,25.789500000000004
248,01-04-KDP-3,Tap Water,1/4/2024 23:15,,-156.3051491724726,20.772944688351963,,,,,,,,12.4937,,,,0.0,,,,,,0.0,,,,0.0,2.8865,,21.5871,20.0,,,,,,20.0,,,,,0.0,,,,0.0,0.0,,,,,,,,,20.0,,,,,,0.0,0.0,,21.5621,,,,,,,,,,,,,0.0,,20.0,,0.0,,,,,0.0,0.0,0.0,,Kula,2.8865
249,01-04-KDP-4,Tap Water,1/4/2024 23:16,,-156.3078792921424,20.775148291680264,,,0.0,,,,,10.9364,,,,0.0,,,,,,0.0,,,,0.0,2.1174,,20.3568,20.0,,,,,,20.0,,,,,,,,,0.0,0.0,,,,,,,,,20.0,,,,,,,,,21.4039,,,,,,,,,,,,,0.0,,20.0,,0.0,0.0,,,,0.0,,0.0,,Kula,2.1174
250,01-04-KDP-5,Tap Water,1/4/2024 23:17,,-156.30873891419697,20.7752585374685,,,0.0,,,,,11.9606,,,,0.0,,,,,,0.0,,,,,2.0572,,20.5442,20.0,,,,,,20.0,,,,,,,,,0.0,0.0,,,,,,,,,20.0,,,,,,,,,21.2448,,,,,,,,,,,,,0.0,,20.0,,0.0,0.0,,,,0.0,0.0,0.0,0.0,Kula,2.0572
251,01-04-KDP-6,Tap Water,1/4/2024 23:18,,-156.30753813735063,20.774402617165546,,,,,,,,11.0113,,,,,,,,,,0.0,,,,,1.3474,,20.8114,20.0,,,,,,20.0,,,,,,,,,0.0,0.0,,,,,,,,,20.0,,,,,,,,,21.393,,,,,,,,,,,,,,,20.0,,0.0,,,,,0.0,0.0,,0.0,Kula,1.3474
252,01-19-KDP-02,Tap Water,1/19/2024,,-156.27801071288778,20.82220290167823,,,0.0,,,,,17.8211,,,,,,,,,,,,,,,2.5941,,20.3539,20.0,,,,,,20.0,,,,,,,,,0.0,0.0,,,,0.0,,,,,20.0,,,,,,,,,21.5227,,,,,,,,,,,,,0.0,,20.0,,0.0,0.0,,,,0.0,,0.0,0.0,Outside of Boxes,2.5941
253,01-19-KDP-03,Tap Water,1/19/2024,,-156.28810519142445,20.83486180876,,,0.0,,,,,10.7805,0.0,,,0.0,,,,,,0.0,,,,,26.3917,,21.0489,20.0,,,,,,20.0,,,,,1.7121,,,,0.0,,,,,,,,0.0,,20.0,,,,,,,0.0,,21.7987,,,,,,,,,,,,,0.0,,20.0,,0.0,,,,,0.0,,,0.0,Outside of Boxes,28.1038
254,01-19-KDP-05,Tap Water,1/19/2024,,-156.28717168994012,20.83519515934867,,,0.0,,,,,8.0895,,,,0.0,,,,,,,,,0.0,,72.2637,,20.1188,20.0,,,,,,20.0,,,,,3.9523,,,,0.0,,,,,,,,0.0,,20.0,,,,,,,0.0,,21.5126,,,,,,,,,,,,,0.0,,20.0,,0.0,0.0,,,,0.0,,0.0,,Outside of Boxes,76.216
255,01-19-KDP-07,Tap Water,1/19/2024,,-156.29305792409633,20.840320885065065,,,0.0,,,,,11.5702,0.0,,,0.0,,,,,,,,,,,42.3325,,20.3229,20.0,,,,,,20.0,,,,,3.395,,,,0.0,,,,,,,,0.0,,20.0,,,,,,,,,20.6006,,,,,,,,,,,,,0.0,,20.0,,0.0,0.0,,,,,,,0.0,Outside of Boxes,45.727500000000006
256,01.26.KDP.02,Tap Water,1/26/2024,,-156.31012867336162,20.766816223524177,,,0.0,,,,,13.5666,0.0,,,0.0,,,,,,0.0,,,,,2.3864,,20.5853,20.0,,,,,,20.0,0.0,,,,,,,,0.0,0.0,,,,0.0,,,,,20.0,,,,0.0,0.0,,,,0.0,0.0,,,,,0.0,,0.0,,,,,0.0,,20.0,,0.0,,,,,0.0,,0.0,0.0,Kula,2.3864
257,01.26.KDP.03,Tap Water,1/26/2024,,-156.317887320886,20.77948421555592,,,,,,,,15.4965,0.0,,,0.0,,,,,,0.0,,,0.0,,32.0745,,20.2263,20.0,,,,,,20.0,,,,,2.1875,,,,0.0,0.0,,,,0.0,,,0.0,,20.0,,,,0.0,0.0,,0.0,,0.0,0.0,,,,,0.0,,0.0,,,0.0,,0.0,,20.0,,0.0,0.0,,,,0.0,,0.0,0.0,Kula,34.262
258,01.26.KDP.05,Tap Water,1/26/2024,,-156.3257379898008,20.760815264725967,,,0.0,,,,,10.3418,,,,0.0,,,,,,,,,,,2.2812,,0.0,20.0,,,,,,20.0,,,,,,,,,0.0,0.0,,,,,,,,,20.0,,,,0.0,0.0,,,,0.0,,,,,,,,,,,,,0.0,,20.0,,0.0,0.0,,,,0.0,0.0,0.0,0.0,Kula,2.2812
259,02-02-KDP-01,Tap Water,2/2/2024,,-156.29328558838696,20.821421358815385,,,0.0,,,,,30.7675,0.0,,,0.0,0.0,,,,,11.9443,,,0.0,4.2593,14.1576,,21.5754,20.0,,,,,,20.0,,,,,2.1692,,,,0.0,0.0,,,,0.0,,,0.0,,20.0,,,,0.0,0.0,,0.0,,21.6996,0.0,,,,,,,0.0,,,,,0.0,,20.0,,0.0,0.0,,,,0.0,0.0,0.0,0.0,Outside of Boxes,16.3268
260,02-02-KDP-03,Tap Water,2/2/2024,,-156.32995553253056,20.8224802284623,,,,,,,,29.0611,0.0,,,0.0,,,,,,,,,,,65.6697,,22.1415,20.0,,,,,,20.0,,,,,7.2363,,,,0.0,0.0,,,,0.0,,,0.0,,20.0,,,,0.0,,,,,20.3391,0.0,,,,,,,,,,,,0.0,,20.0,,0.0,0.0,,,,0.0,0.0,0.0,0.0,Outside of Boxes,72.906
261,02-02-KDP-04,Tap Water,2/2/2024,,-156.3371567971559,20.838754596076143,,,0.0,,,,,16.3557,,,,0.0,,,,,,,,,,1.0283,15.7621,,22.0239,20.0,,,,,,20.0,,,,,6.368,,,,0.0,,,,,0.0,,,4.4943,,20.0,,,,0.0,,,1.3927,,20.6849,,,,,,,,,,,,,0.0,,20.0,,0.0,0.0,,,,0.0,0.0,0.0,0.0,Outside of Boxes,28.0171
262,02-01-24-JI-01,Tap Water,2/14/2024 8:53,,-156.67966728364834,20.899675159605,,,0.0,,,,,222.4879,,,,0.0,,,,,,,,,,4.2433,0.0,,20.6216,20.0,,,,,,20.0,,,,,,,,,0.0,0.0,,,,,,,,,20.0,,,,0.0,,,,,0.0,,,,,,,,,,,,,0.0,,20.0,,0.0,0.0,,,,0.0,,,,Lahaina,0.0
263,02-13-24-JI-01,Tap Water,2/14/2024 9:06,,-156.68770523512384,20.92185058282619,,,0.0,,,,,42.6607,0.0,,,0.0,,,,,,,,,,,,,22.415,20.0,,,,,,20.0,,,,,,,,,0.0,0.0,,,,0.0,,,0.0,,20.0,,,,,,,9.8007,,20.0946,,,,,,,,0.0,,,,,0.0,,20.0,,0.0,0.0,,,,,,,0.0,Outside of Boxes,9.8007
264,02-15-24-JI-01,Tap Water,2/15/2024 15:30,,-156.66532934068607,20.994913816920302,,,0.0,,,,,18.5893,0.0,,,0.0,,,,,,,,,,,,,20.9983,20.0,,,,,,20.0,,,,,0.0,,,,0.0,0.0,,,,,,,0.0,,20.0,,,,0.0,0.0,,3.8392,,0.0,,,,,,,,,,,,,0.0,,20.0,,,,,,,,,,0.0,Outside of Boxes,3.8392
265,02-15-24-JI-02,Tap Water,2/15/2024 15:36,,-156.6769228733457,20.976481511200323,,,0.0,,,,,30.3059,0.0,,,0.0,,,,,,,,,,,,,20.462,20.0,,,,,,20.0,,,,,0.0,,,,0.0,0.0,,,,,,,0.0,,20.0,,,,0.0,0.0,,3.1567,,0.0,,,,,,,,,,,,,0.0,,20.0,,,0.0,,,,,,0.0,0.0,Outside of Boxes,3.1567
266,02-15-24-JI-04,Tap Water,2/15/2024 15:42,,-156.68810650268318,20.952687443100125,,,0.0,,,,,135.6055,0.0,,,0.0,,,,,,,,,0.0,1.0728,9.7184,,0.0,20.0,,,,,,20.0,,,,,6.3924,,,,0.0,0.0,,,,,,,2.8779,,20.0,,,,0.0,,,0.0,,0.0,,,,,,,,,,,,,,,20.0,,,0.0,,,,0.0,,,,Outside of Boxes,18.9887
267,02-15-24-JI-05,Tap Water,2/15/2024 15:43,,-156.69066657526616,20.935688258730675,,,0.0,,,,,57.6807,0.0,,,0.0,,,,,,,,,,,,,0.0,20.0,,,,,,20.0,,,,,,,,,0.0,0.0,,,,,,,0.0,,20.0,,,,0.0,,,3.7098,,0.0,,,,,,,,,,,,,,,20.0,,,0.0,,,,0.0,,,,Outside of Boxes,3.7098
268,02-15-24-JI-07,Tap Water,2/15/2024 16:19,,-156.67730561270633,20.8704165914071,,,0.0,,,,,54.9738,0.0,,,0.0,,,,,,,,,,,12.9917,,21.607,20.0,,,,,,20.0,,,,,8.4324,,,,0.0,0.0,,,,,,,4.0616,,20.0,,,,,,,0.0,,0.0,,,,,,,,,,,,,,,20.0,,,,,,,,,,,Lahaina,25.4857
269,02-15-24-JI-08,Tap Water,2/15/2024 16:20,,-156.68553515816626,20.903668831319763,,,0.0,,,,,130.0185,0.0,,,0.0,,,,,,10.9188,,,,21.3129,15.9962,,0.0,20.0,,,,,,20.0,,,,,9.8964,,,,0.0,0.0,,,,,,,4.5387,,20.0,,,,0.0,,,0.0,,0.0,,,,,,,,,,,,,0.0,,20.0,,,0.0,,,,,,,,Lahaina,30.4313
270,02-15-24-JI-09,Tap Water,2/15/2024 16:21,,-156.6851909113055,20.900640209836173,,,0.0,,,,,64.0366,0.0,,,0.0,,,,,,,,,,0.0,14.6579,,0.0,20.0,,,,,,20.0,,,,,9.1268,,,,0.0,0.0,,,,0.0,,,4.1161,,20.0,,,,0.0,,,0.0,,0.0,,,,,,,,,,,,,,,20.0,,,0.0,,,,,,,,Lahaina,27.900799999999997
271,2-22-CKS-1,Tap Water,2/22/2024 10:43,,-156.47851909275388,20.89192303261475,,,0.0,,,,,20.3834,0.0,,,0.0,0.0,,,,,2.0299,,,,,1.4451,,20.7481,20.0,,,,,,20.0,,,,,2.69,,,,0.0,0.0,,,,0.0,,0.0,5.0437,,20.0,,,0.0,0.0,0.0,,4.6441,,0.0,0.0,,,,,0.0,,0.0,,,0.0,,0.0,,20.0,,0.0,0.0,,,,,,0.0,0.0,Outside of Boxes,13.8229
272,03-09-KDP-01,Tap Water,3/9/2024 13:50,,-156.336243884912,20.78023166330877,,,0.0,,,,,6.9276,,,,,,,,,,,,,,,42.8943,,20.8677,20.0,,,,,,20.0,,,,,4.3879,,,,0.0,,,,,,,,0.0,,20.0,,,,0.0,,,0.0,,0.0,0.0,,,,0.0,,,0.0,0.0,,0.0,,0.0,,20.0,,0.0,0.0,,,,0.0,,0.0,0.0,Kula,47.2822
273,03-11-KDP-01,Tap Water,3/11/2024 9:23,,-156.3098583606357,20.778048511821,,,0.0,,,,,6.0619,,,,0.0,,,,,,0.0,,,,1.2831,6.1464,,20.7135,20.0,,,,,,20.0,0.0,,,,0.0,,,,0.0,0.0,,,,0.0,,,,,20.0,,,,,,,,,0.0,,,,,,,,,,,,,0.0,,20.0,,0.0,0.0,,,,0.0,,0.0,0.0,Kula,6.1464
274,03-11-KDP-04,Tap Water,3/11/2024 9:23,,,,,,0.0,,,,,8.9198,0.0,,,0.0,,,,,,0.0,,,,0.0,55.4868,,21.3831,20.0,,,,,,20.0,,,,,5.1051,,,,0.0,0.0,,,,0.0,,,0.0,,20.0,,,,0.0,,,0.0,,0.0,,,,,,,,,,,,,,,20.0,,0.0,0.0,,,,0.0,,,,Outside of Boxes,60.5919
275,03-11-24-02-JI,Tap Water,3/11/2024 11:42,,-156.68674186785557,20.88171569125832,,,0.0,,,,,46.5322,0.0,,,0.0,,,,,,,,,,,11.9277,,20.8008,20.0,,,,,,20.0,,,,,7.6614,,,,0.0,0.0,,,,,,,5.1763,,20.0,,,,0.0,,,1.37,,0.0,,,,,,,,,,,,,0.0,,20.0,,0.0,0.0,,,,0.0,,0.0,0.0,Lahaina,26.135400000000004
276,03-20-CDS-01,Tap Water,3/20/2024 10:50,,-156.68518723630174,20.88151046606584,,,0.0,,,,,31.5283,,,,0.0,,,,,,2.4416,,,,0.0,13.7614,,21.1063,20.0,,,,,,20.0,,,,,4.3442,,,,0.0,0.0,,,,,,0.0,4.557,,20.0,,,,0.0,,,5.1633,,0.0,,,,,,,,,,,,,,,20.0,,,0.0,,,,0.0,,,0.0,Lahaina,27.8259
277,03-20-CDS-03,Tap Water,3/20/2024 11:13,,-156.6808611723484,20.881085838449952,,,0.0,,,,,22.9662,0.0,,,0.0,,,,,,2.4207,,,,,27.5275,,20.5644,20.0,,,,,,20.0,,,,,14.2901,,,,0.0,0.0,,,,,,0.0,9.0946,,20.0,,,,0.0,0.0,,2.8508,,0.0,,,,,,,,,,,,,,,20.0,,,0.0,,,,0.0,,,,Lahaina,53.763000000000005
278,03-20-CDS-05,Tap Water,3/20/2024,,-156.68225279499612,20.881546976899607,,,0.0,,,,,28.6002,0.0,,,0.0,,,,,,2.1292,,,0.0,,6.5146,,20.3668,20.0,,,,,,20.0,,,,,6.0941,,,,0.0,0.0,,,,,,,4.5072,,20.0,,,,0.0,,,0.0,,0.0,,,,,,,,,,,,,0.0,,20.0,,,0.0,,,,,,,,Lahaina,17.1159
279,03-20-CDS-06,Tap Water,3/20/2024,,-156.68548396950823,20.880675427731155,,,0.0,,,,,16.7905,0.0,,,0.0,,,,,,4.4012,,,,,6.0248,,19.9132,20.0,,,,0.0,,20.0,0.0,,,,3.8225,,,,0.0,0.0,,,,,,0.0,3.0269,,20.0,,,0.0,0.0,0.0,,1.3175,,0.0,,,,,,,,,,,0.0,,,,20.0,,,0.0,,,,0.0,,,,Lahaina,14.1917
280,03-20-CDS-08,Tap Water,3/20/2024,,-156.685949782634,20.88119215562713,,,0.0,,,,,24.5925,0.0,,,0.0,,,,,,2.0694,,,0.0,,11.5382,,20.1299,20.0,,,,,,20.0,,,,,5.978,,,,0.0,0.0,,,,,,0.0,5.6977,,20.0,,,,0.0,0.0,,2.4946,,0.0,,,,,,,,,,,0.0,,,,20.0,,,,,,,0.0,0.0,0.0,,Lahaina,25.7085
281,3-20-24-JI-13,Tap Water,3/20/2024 15:03,,-156.68479799362183,20.88427474725939,,,0.0,,,,,14.5428,0.0,,,0.0,,,,,,,,,,,7.4625,,19.4993,20.0,,,,,,20.0,,,,,6.8752,,,,0.0,0.0,,,,,,,5.2489,,20.0,,,,0.0,,,0.0,,0.0,,,,,,,,,,,,,,,20.0,,,,,,,0.0,,,,Lahaina,19.5866
282,3-20-24-JI-15,Tap Water,3/20/2024 15:01,,-156.68469839397864,20.88407989568753,,,0.0,,,,,13.4308,,,,0.0,,,,,,,,,,,11.38,,19.6437,20.0,,,,,,20.0,,,,,9.174,,,,0.0,0.0,,,,,,,6.881,,20.0,,,,,,,2.0313,,0.0,,,,,,,,,,,,,,,20.0,,,,,,,,,,,Lahaina,29.466300000000004
283,3-20-24-JI-17,Tap Water,3/20/2024 15:00,,-156.6822544281338,20.88481882493393,,,0.0,,,,,13.5932,0.0,,,0.0,,,,,,,,,,,6.543,,19.4543,20.0,,,,,,20.0,,,,,6.3845,,,,0.0,0.0,,,,,,,4.8734,,20.0,,,,0.0,,,0.0,,0.0,,,,,,,,,,,,,,,20.0,,,,,,,0.0,,,,Lahaina,17.8009
284,03-29-KDP-01,Tap Water,3/29/2024 13:12,,-156.35018614811312,20.706611597450703,,,0.0,,,,,9.725,0.0,,,0.0,,,,,,,,,,,3.0877,,20.2651,20.0,,,,,,20.0,,,,,,,,,19.9849,0.0,,,,0.0,,,,,20.0,,,,0.0,,,,,20.751,0.0,,,,,,,0.0,0.0,,,,0.0,,20.0,,0.0,0.0,,,,0.0,0.0,0.0,0.0,Kula,3.0877
285,03-29-KDP-03,Tap Water,3/29/2024 13:15,,-156.35333988856658,20.70340957064036,,,0.0,,,,,14.5938,,,,,,,,,,,,,,1.3787,4.3261,,19.6653,20.0,,,,,,20.0,,,,,0.0,,,,19.6114,0.0,,,,,,,0.0,,20.0,,,,0.0,,,0.0,,19.7858,0.0,,,,,,0.0,,,,,,0.0,,20.0,,0.0,0.0,,,,0.0,0.0,0.0,0.0,Kula,4.3261
286,03-29-KDP-04,Tap Water,3/29/2024 13:35,,-156.34790637766488,20.709001885251883,,,0.0,,,,,9.1735,,,,0.0,,,,,,0.0,,,,,1.8535,,20.8169,20.0,,,,,,20.0,,,,,,,,,20.5085,,,,,0.0,,,,,20.0,,,,0.0,,,,,19.9492,,,,,,,,,,,,,0.0,,20.0,,0.0,0.0,,,,0.0,0.0,0.0,0.0,Kula,1.8535
287,03-29-KDP-06,Tap Water,3/29/2024 14:19,,-156.3414306180687,20.718678118447357,,,0.0,,,,,13.413,0.0,,,0.0,,,,,,,,,,,2.5214,,19.7133,20.0,,,,,,20.0,,,,,,,,,19.9864,,,,,0.0,,,,,20.0,,,,0.0,,,,,19.3595,,,,,,,,,,,,,0.0,,20.0,,0.0,0.0,,,,,0.0,0.0,0.0,Kula,2.5214
288,03-29-KDP-08,Tap Water,3/29/2024 14:28,,-156.33491035813032,20.72725138273902,,,0.0,,,,,8.5205,0.0,,,0.0,,,,,,,,,,1.4956,1.7981,,20.146,20.0,,,,,,20.0,,,,,,,,,20.0398,0.0,,,,0.0,,,,,20.0,,,,0.0,,,,,19.0947,,,,,,,,0.0,,,,,0.0,,20.0,,0.0,0.0,,,,0.0,,0.0,0.0,Kula,1.7981
289,03-29-KDP-09,Tap Water,3/29/2024 15:09,,-156.3385151303537,20.724306329651736,,,0.0,,,,,8.5803,0.0,,,0.0,,,,,,,,,,,1.7401,,19.5492,20.0,,,,,,20.0,,,,,,,,,19.8059,0.0,,,,,,,,,20.0,,,,,0.0,,,,18.8073,,,,,,,,0.0,,,,,,,20.0,,0.0,0.0,,,,,0.0,0.0,0.0,Kula,1.7401
290,03-29-KDP-11,Tap Water,3/29/2024 15:32,,-156.3541829494885,20.711733362405315,,,0.0,,,,,9.1354,0.0,,,0.0,,,,,,,,,,,1.8547,,20.268,20.0,,,,,,20.0,,,,,,,,,19.9653,0.0,,,,,,,,,20.0,,,,0.0,,,,,19.5289,,,,,,,,,,,,,,,20.0,,,0.0,,,,0.0,,,,Kula,1.8547
291,03-05-KDP-01,Tap Water,4/5/2024 15:36,,-156.30774484385458,20.772263627277603,,,0.0,,,,,11.5514,,,,,,,,,,0.0,,,,,1.7808,,20.549,20.0,,,,,,20.0,,,,,,,,,19.9568,0.0,,,,,,0.0,,,20.0,,,,0.0,,,0.0,,20.3896,0.0,,,,,,,0.0,,,,0.0,0.0,,20.0,,0.0,0.0,,,,0.0,0.0,0.0,0.0,Kula,1.7808
292,03-05-KDP-03,Tap Water,4/5/2024 15:53,,-156.33517131730744,20.78270262309736,,,0.0,,,,,13.901,0.0,,,0.0,,,,,,0.0,,,,,60.4599,,20.3456,20.0,,,,,,20.0,,,,,7.0218,,,,19.9955,0.0,,,,,,,2.651,,20.0,,,,,,,0.0,,19.2949,,,,,,,,0.0,,,,,0.0,,20.0,,0.0,0.0,,,,0.0,,,0.0,Kula,70.1327
293,03-05-KDP-08,Tap Water,4/5/2024 17:32,,-156.31471520470075,20.74783806306415,,,0.0,,,,,16.5787,0.0,,,,,,,,,0.0,,,,,1.6754,,20.7349,20.0,,,,,,20.0,,,,,,,,,19.7989,,,,,,,,,,20.0,,,,0.0,,,,,20.184,,,,,,,,,,,,,,,20.0,,,0.0,,,,0.0,,0.0,,Kula,1.6754
294,03-05-KDP-10,Tap Water,4/5/2024 17:32,,-156.31210192572422,20.75051587675756,,,0.0,,,,,7.6502,,,,0.0,,,,,,,,,,,1.7331,,20.3204,20.0,,,,,,20.0,,,,,,,,,19.4646,0.0,,,,,,,,,20.0,,,,0.0,,,,,19.7208,,,,,,,,,,,,,,,20.0,,,0.0,,,,0.0,,,,Kula,1.7331
295,03-05-KDP-12,Tap Water,4/5/2024 18:00,,-156.3462907508875,20.720081655886705,,,,,,,,15.5772,0.0,,,0.0,,,,,,,,,,,1.8314,,20.4034,20.0,,,,,,20.0,,,,,0.0,,,,19.939,0.0,,,,,,,0.0,,20.0,,,,,,,,,19.2497,,,,,,,,,,,,,0.0,,20.0,,,0.0,,,,,,0.0,,Kula,1.8314
296,4-11-24-JI-01,Tap Water,4/11/2024 9:36,,-156.68029368219956,20.892576106624297,,,0.0,,,,,31.8144,0.0,,,,,,,,,,,,0.0,,17.9315,,20.3596,20.0,,,,,,20.0,,,,,6.5972,,,,20.4742,0.0,,,,,,,5.6352,,20.0,,,,0.0,,,4.7779,,19.1504,,,,,,,,,,,,,,,20.0,,0.0,0.0,,,,0.0,,0.0,,Lahaina,34.9418
297,4-11-24-JI-02,Tap Water,4/11/2024 9:38,,-156.6834818142337,20.89503221132065,,,0.0,,,,,9.4019,0.0,,,0.0,,,,,,,,,0.0,,6.0674,,21.225,20.0,,,,,,20.0,,,,,0.0,,,,19.6325,0.0,,,,,,,0.0,,20.0,,,,0.0,,,0.0,,19.3176,,,,,0.0,,,,,,,,,,20.0,,0.0,,,,,0.0,,0.0,0.0,Lahaina,6.0674
298,4-11-24-JI-03,Tap Water,4/11/2024 9:39,,-156.6796570262193,20.89563061388245,,,0.0,,,,,15.8808,0.0,,,0.0,,,,,,,,,0.0,1.0666,7.6734,,20.7426,20.0,,,,,,20.0,,,,,0.0,,,,19.4459,0.0,,,,,,,0.0,,20.0,,,,0.0,,,5.8167,,19.6577,,,,,,,,,,,,,0.0,,20.0,,,0.0,,,,0.0,,0.0,,Lahaina,13.4901
299,4-11-24-JI-04,Tap Water,4/11/2024 9:40,,-156.67964242211096,20.89500165749876,,,0.0,,,,,17.2499,0.0,,,0.0,,,,,,,,,0.0,,7.6913,,19.999,20.0,,,,,,20.0,,,,,0.0,,,,19.6769,0.0,,,,,,,0.0,,20.0,,,,0.0,,,5.1164,,19.1076,,,,,,,,0.0,,,,,,,20.0,,0.0,,,,,0.0,,0.0,,Lahaina,12.8077
300,4-12-24-JI-01,Tap Water,4/12/2024,,,,,,0.0,,,,,9.6233,0.0,,,0.0,,,,,,0.0,,,,,8.8237,,19.6622,20.0,,,,,,20.0,,,,,4.4847,,,,19.9928,0.0,,,,,,,3.3518,,20.0,,,,0.0,,,0.0,,21.0056,,,,,,,,,,,,,,,20.0,,,,,,,0.0,,,,Outside of Boxes,16.6602
301,4-12-24-JI-02,Tap Water,4/12/2024,,,,,,,,,,,20.0739,0.0,,,0.0,,,,,,0.0,,,0.0,,16.918,,19.731,20.0,,,,,,20.0,,,,,8.9773,,,,19.4957,0.0,,,,0.0,,,6.0055,,20.0,,,,,,,0.0,,19.1061,,,,,,,,,,,,,,,20.0,,,,,,,0.0,0.0,,,Outside of Boxes,31.900799999999997
302,4-12-KDP-01,Tap Water,4/12/2024 9:22,,-156.32003913851253,20.785302971221945,,,0.0,,,,,21.0758,0.0,,,,,,,,,,,,,,14.2275,,20.0511,20.0,,,,,,20.0,,,,,2.7958,,,,19.6867,,,,,0.0,,,0.0,,20.0,,,,,,,0.0,,19.6686,,,,,,,,,,,,,,,20.0,,,,,,,,,0.0,,Kula,17.0233
303,4-12-KDP-03,Tap Water,4/12/2024 9:22,,-156.32331499321586,20.785800570288263,,,,,,,,18.5049,,,,,,,,,,,,,,,17.9389,,19.9415,20.0,,,,,,20.0,,,,,3.0213,,,,19.4185,,,,,,,,0.0,,20.0,,,,,,,0.0,,19.5669,,,,,,,,,,,,,0.0,,20.0,,,0.0,,,,0.0,,0.0,0.0,Kula,20.9602
304,4-12-KDP-05,Tap Water,4/12/2024 9:22,,-156.3265749162333,20.798777296016333,,,,,,,,25.3978,,,,0.0,,,,,,,,,,,25.2949,,20.0437,20.0,,,,,,20.0,,,,,3.4727,,,,19.9012,0.0,,,,,,,0.0,,20.0,,,,,,,0.0,,19.1709,,,,,,,,,,,,,,,20.0,,,,,,,,,,,Kula,28.767599999999998
305,04-15-KDP-01,Tap Water,4/15/2024 9:22,,-156.30721232982427,20.778332848162712,,,,,,,,8.3873,,,,,,,,,,,,,,,10.3614,,20.0764,20.0,,,,,,20.0,,,,,0.0,,,,19.5905,,,,,,,,,,20.0,,,,,,,,,19.6494,,,,,,,,,,,,,0.0,,20.0,,,0.0,,,,,,0.0,,Kula,10.3614
306,04-20-KDP-01,Tap Water,4/20/2024 17:15,,-156.2811947124893,20.81850825839082,,,0.0,,,,,11.5937,0.0,,,0.0,,,,,,,,,,,1.9657,,21.5085,20.0,,,,,,20.0,,,,,,,,,19.5921,0.0,,,,0.0,,,,,20.0,,,,,,,,,20.1955,,,,,,,,,,,,,,,20.0,,,,,,,0.0,,0.0,,Outside of Boxes,1.9657
307,04-21-KDP-01,Tap Water,4/21/2024 13:56,,-156.28826518897054,20.81913726603448,,,0.0,,,,,5.6921,0.0,,,0.0,,,,,,,,,,24.5011,2.6135,,19.6363,20.0,,,,,0.0,20.0,,,,,,,,,19.6891,,,,,0.0,,,,,20.0,,,,0.0,0.0,,,,19.2772,,,,,,,,,,,,,,,20.0,,,,,,,,,0.0,,Outside of Boxes,2.6135
308,05-04-KDP-02,Tap Water,5/4/2024 16:32,,-156.31084720601163,20.776521247619804,,,,,,,,3.2945,0.0,,,,,,,,,,,,,,34.1361,,21.0066,20.0,,,,,,20.0,,,,,4.2459,,,,19.2592,0.0,,,,,,,1.0218,,20.0,,,,0.0,,,0.0,,19.4369,,,,,,,,0.0,,,,,,,20.0,,0.0,0.0,,,,,,0.0,0.0,Kula,39.4038
309,05-04-KDP-03,Tap Water,5/4/2024 17:12,,-156.3452109089448,20.76803990131604,,,0.0,,,,,3.7539,0.0,,,0.0,,,,,,,,,,,35.0563,,21.5472,20.0,,,,,,20.0,,,,,3.9487,,,,19.695,0.0,,,,0.0,,,1.1487,,20.0,,,,0.0,,,0.0,,19.8205,,,,,,,,,,,,,0.0,,20.0,,0.0,0.0,,,,0.0,,0.0,0.0,Kula,40.1537
310,05-04-KDP-05,Tap Water,5/4/2024 18:01,,-156.31316155729644,20.78142521641268,,,0.0,,,,,11.7293,0.0,,,0.0,,,,,,,,,,,52.3095,,21.3329,20.0,,,,,,20.0,,,,,5.3247,,,,20.0428,0.0,,,,0.0,,,1.1271,,20.0,,,0.0,0.0,,,0.0,,19.0635,,,,,,,,,,,,,0.0,,20.0,,0.0,0.0,,,,,,,,Kula,58.7613
311,05-06-KDP-01,Tap Water,5/5/2024 9:42,,-156.30724409776326,20.77533993619528,,,0.0,,,,,,,,,0.0,,,,,,,,,,1.8314,14.7754,,20.8658,20.0,,,,,,20.0,,,,,0.0,,,,19.3916,,,,,0.0,,,0.0,,20.0,,,,,,,,,19.3093,,,,,,,,,,,,,0.0,,20.0,,,,,,,,,,,Kula,14.7754
312,06-07-KDP-01,Tap Water,6/7/2024 11:00,,-156.3461443322405,20.72264457978689,,,0.0,,,,,20.4755,0.0,,,0.0,,,,,,,,,0.0,,48.7448,,21.8874,20.0,,,,,,20.0,,,,,3.9582,,,,19.7939,0.0,,,,0.0,,,0.0,,20.0,,,,0.0,0.0,,0.0,,22.5945,,,,,,,,,,,,,0.0,,20.0,,0.0,0.0,,,,0.0,0.0,,0.0,Kula,52.702999999999996
313,06-07-KDP-02,Tap Water,6/7/2024 11:47,,-156.32646070902524,20.747856000429163,,,0.0,,,,,24.5381,0.0,,,0.0,,,,,,,,,,,2.9747,,22.9326,20.0,,,,,,20.0,,,,,,,,,19.719,0.0,,,,,,,,,20.0,,,,,,,,,23.2666,,,,,,,,,,,,,0.0,,20.0,,0.0,,,,,0.0,0.0,,,Kula,2.9747
314,06-07-KDP-03,Tap Water,6/7/2024 12:00,,-156.32031141454442,20.743866312164226,,,0.0,,,,,13.4075,,,,0.0,,,,,,,,,,,2.276,,21.8079,20.0,,,,,,20.0,,,,,,,,,19.8076,0.0,,,,,,,,,20.0,,,,,,,,,22.923,,,,,,,,,,,,,0.0,,20.0,,0.0,0.0,,,,0.0,0.0,,0.0,Kula,2.276
315,06-07-KDP-04,Tap Water,6/7/2024 12:20,,-156.31340532283082,20.76244509027188,,,0.0,,,,,22.6478,0.0,,,0.0,,,,,,,,,,,2.7197,,23.3045,20.0,,,,,,20.0,,,,,,,,,19.9849,0.0,,,,,,,,,20.0,,,,,,,,,22.7235,,,,,,,,,,,,,,,20.0,,0.0,,,,,0.0,0.0,,,Kula,2.7197
316,06-07-KDP-05,Tap Water,6/7/2024 12:33,,-156.3037149296338,20.763210715967883,,,0.0,,,,,20.6085,,,,0.0,,,,,,,,,,,2.0168,,22.6946,20.0,,,,,,20.0,,,,,,,,,19.9891,,,,,,,,,,20.0,,,,0.0,,,,,23.5023,,,,,,,,,,,,,0.0,,20.0,,0.0,0.0,,,,,0.0,,,Kula,2.0168
317,06-10-KDP-01,Tap Water,6/10/2024 8:53,,-156.3096371717897,20.7781018949,,,0.0,,,,,14.0606,,,,0.0,,,,,,,,,,0.0,18.8995,,21.7835,20.0,,,,,,20.0,,,,,0.0,,,,19.6578,0.0,,,,,,,,,20.0,,,,,,,,,22.0508,,,,,,,,,,,,,,,20.0,,,0.0,,,,,0.0,,,Kula,18.8995
318,06-14-KDP-01,Tap Water,6/14/2024 12:01,,-156.39866330968343,20.64221954852601,,,0.0,,,,,11.1614,0.0,,,0.0,,,,,,,,,,,1.8798,,20.6926,20.0,,,,,,20.0,,,,,0.0,,,,19.4967,0.0,,,,0.0,,,,,20.0,,,,0.0,,,,,22.3068,0.0,,,,,,,,,,0.0,,0.0,,20.0,,0.0,0.0,,,,0.0,0.0,0.0,0.0,Outside of Boxes,1.8798
319,06-14-KDP-03,Tap Water,6/14/2024 12:54,,-156.35745825579195,20.73335759586761,,,0.0,,,,,3.5006,0.0,,,0.0,,,,,,,,,,,48.3396,,23.1204,20.0,,,,,,20.0,,,,,2.4856,,,,19.4519,0.0,,,,,,,0.0,,20.0,,,,,,,,,22.8168,,,,,,,,,,,,,0.0,,20.0,,0.0,0.0,,,,0.0,0.0,,0.0,Kula,50.825199999999995
320,06-14-KDP-04,Tap Water,6/14/2024 13:00,,-156.3398174003272,20.72359359112007,,,0.0,,,,,11.8777,0.0,,,0.0,,,,,,,,,,,2.7286,,22.3186,20.0,,,,,,20.0,,,,,,,,,19.8853,0.0,,,,,,,,,20.0,,,,,,,,,22.9737,,,,,,,,,,,,,0.0,,20.0,,0.0,0.0,,,,0.0,0.0,,,Kula,2.7286
321,06-14-KDP-05,Tap Water,6/14/2024 13:08,,-156.3420608759634,20.7220547764518,,,0.0,,,,,8.191,,,,0.0,,,,,,,,,,,1.1594,,20.868,20.0,,,,,,20.0,,,,,,,,,19.5341,0.0,,,,0.0,,,,,20.0,,,,,,,,,22.3459,,,,,,,,,,,,,0.0,,20.0,,0.0,0.0,,,,0.0,,,0.0,Kula,1.1594
322,06-14-KDP-06,Tap Water,6/14/2024 13:08,,-156.34132549114938,20.72431450327443,,,0.0,,,,,8.5964,0.0,,,0.0,,,,,,,,,,,2.145,,21.9288,20.0,,,,,,20.0,,,,,,,,,19.679,0.0,,,,,,,,,20.0,,,,,,,0.0,,23.289,,,,,,,,,,,,,0.0,,20.0,,,0.0,,,,,0.0,,,Kula,2.145
323,06-14-KDP-09,Tap Water,6/14/2024 13:08,,-156.30959127631044,20.75804146557273,,,0.0,,,,,12.9059,,,,0.0,,,,,,,,,,,2.564,,22.2603,20.0,,,,,,20.0,,,,,,,,,19.1621,0.0,,,,,,,,,20.0,,,,0.0,,,,,23.4305,,,,,,,,,,,,,,,20.0,,,0.0,,,,0.0,0.0,,,Kula,2.564
324,06-14-KDP-11,Tap Water,6/14/2024 13:08,,-156.3093676330684,20.76550380947843,,,0.0,,,,,11.9689,0.0,,,0.0,,,,,,,,,,,2.1645,,23.201,20.0,,,,,,20.0,,,,,,,,,19.3899,0.0,,,,,,,,,20.0,,,,0.0,,,,,23.3202,,,,,,,,,,,,,,,20.0,,,,,,,0.0,,,,Kula,2.1645
325,06-14-KDP-13,Tap Water,6/14/2024 13:08,,-156.3065870827332,20.768856304016825,,,0.0,,,,,19.3962,,,,0.0,,,,,,,,,,,2.8426,,23.217,20.0,,,,,,20.0,,,,,,,,,19.1767,0.0,,,,,,,,,20.0,,,,,,,,,23.0872,,,,,,,,,,,,,,,20.0,,,,,,,,0.0,,,Kula,2.8426
326,06-14-KDP-14,Tap Water,6/14/2024 13:08,,-156.30624048592622,20.768805334382545,,,0.0,,,,,13.1882,0.0,,,0.0,,,,,,,,,,,2.2873,,22.9502,20.0,,,,,,20.0,,,,,,,,,19.2219,0.0,,,,,,,,,20.0,,,,0.0,,,,,22.8383,,,,,,,,,,,,,,,20.0,,,,,,,,,,,Kula,2.2873
327,06-14-KDP-16,Tap Water,6/14/2024 13:08,,-156.30146060810674,20.76388961946944,,,0.0,,,,,16.6224,,,,0.0,,,,,,,,,,,2.2637,,23.4726,20.0,,,,,,20.0,,,,,,,,,19.5744,0.0,,,,,,,,,20.0,,,,0.0,,,,,23.9183,,,,,,,,,,,,,,,20.0,,,0.0,,,,,,,,Kula,2.2637
328,06-14-KDP-17,Tap Water,6/14/2024 13:08,,-156.30265640595113,20.76742383599613,0.0,,0.0,,,,,21.1199,0.0,,,0.0,,,,,,,,,,,2.0166,,22.5594,20.0,,,,,,20.0,,,,,,,,,19.2842,0.0,,,,,,,,,20.0,,,,,,,,,22.1825,,,,,,,,,,,,,,,20.0,,,,,,,,,,,Kula,2.0166
329,06-14-KDP-19,Tap Water,6/17/2024 10:59,,-156.30926471240113,20.77620709765858,,,0.0,,,,,13.8034,0.0,,,0.0,,,,,,,,,,,49.4922,,23.6172,20.0,,,,,,20.0,,,,,4.763,,,,19.5964,0.0,,,,,,,0.0,,20.0,,,,,,,0.0,,22.6878,,,,,,,,,,,,,,,20.0,,,,,,,,,,,Kula,54.255199999999995
